question,worker,answer
650,1,2
650,2,2
650,3,2
650,9,2
650,16,2
650,17,0
650,20,2
650,35,2
650,40,0
650,43,2
477,1,0
477,9,0
477,13,0
477,17,0
477,20,0
477,27,3
477,29,0
477,41,0
477,43,0
477,66,0
183,1,3
183,25,2
183,29,1
183,31,0
183,33,3
183,34,3
183,37,3
183,55,3
183,75,3
183,95,3
34,1,0
34,3,0
34,13,0
34,14,0
34,15,0
34,16,1
34,24,0
34,31,3
34,35,0
34,53,0
705,1,2
705,13,2
705,20,2
705,22,2
705,29,2
705,30,1
705,34,1
705,58,2
705,60,2
705,61,2
197,1,3
197,9,2
197,11,3
197,17,3
197,23,3
197,32,3
197,37,3
197,56,3
197,90,3
197,91,3
268,1,2
268,5,2
268,9,2
268,10,2
268,21,2
268,23,2
268,27,1
268,37,2
268,40,2
268,55,2
574,1,0
574,14,0
574,20,0
574,21,3
574,25,2
574,27,0
574,28,0
574,30,2
574,43,0
574,56,1
529,1,2
529,10,2
529,17,1
529,20,2
529,31,1
529,40,2
529,43,2
529,53,2
529,55,0
529,97,2
84,1,0
84,14,0
84,16,0
84,17,0
84,20,0
84,22,0
84,25,0
84,35,0
84,40,1
84,56,0
497,1,3
497,4,3
497,5,3
497,21,2
497,23,3
497,35,3
497,43,1
497,53,3
497,54,2
497,55,2
110,1,2
110,3,2
110,9,2
110,21,2
110,22,2
110,35,2
110,45,2
110,55,2
110,56,2
110,61,2
328,1,3
328,3,3
328,8,3
328,10,3
328,16,3
328,23,3
328,34,3
328,53,3
328,62,3
328,74,3
292,1,2
292,10,2
292,13,2
292,19,2
292,21,2
292,28,2
292,35,2
292,52,2
292,73,2
292,99,2
368,1,0
368,3,0
368,9,0
368,13,0
368,19,0
368,24,0
368,31,3
368,34,0
368,40,1
368,47,0
518,1,2
518,2,2
518,9,2
518,11,2
518,13,2
518,16,2
518,19,2
518,31,2
518,53,2
518,65,2
451,1,3
451,13,3
451,16,3
451,31,3
451,35,3
451,36,3
451,37,3
451,43,3
451,62,3
451,94,3
1,1,3
1,2,3
1,3,3
1,4,3
1,5,0
1,6,3
1,7,3
1,8,3
1,9,0
1,10,3
148,1,2
148,3,2
148,9,0
148,20,2
148,22,2
148,29,2
148,35,2
148,40,0
148,43,2
148,51,2
202,1,2
202,10,2
202,12,1
202,22,2
202,23,2
202,31,2
202,34,2
202,39,0
202,43,2
202,51,2
272,1,3
272,16,3
272,28,3
272,29,3
272,34,3
272,39,1
272,42,2
272,48,3
272,58,3
272,88,3
283,1,0
283,2,0
283,13,0
283,17,0
283,21,1
283,31,0
283,41,0
283,55,0
283,76,0
283,90,0
456,1,2
456,4,2
456,8,2
456,15,2
456,21,0
456,34,2
456,40,2
456,54,2
456,60,2
456,61,2
301,1,3
301,3,3
301,5,3
301,10,3
301,13,3
301,31,1
301,35,3
301,39,3
301,55,1
301,56,3
126,1,2
126,9,0
126,11,2
126,16,2
126,19,2
126,22,2
126,39,0
126,47,2
126,55,2
126,66,2
415,1,2
415,6,0
415,22,2
415,31,2
415,35,0
415,41,2
415,58,2
415,62,2
415,63,2
415,69,2
155,1,2
155,2,2
155,3,1
155,4,2
155,10,2
155,15,2
155,22,2
155,23,2
155,40,2
155,61,2
213,1,1
213,14,1
213,15,1
213,16,1
213,17,1
213,23,1
213,31,0
213,34,1
213,35,3
213,40,1
419,1,3
419,9,3
419,21,3
419,34,3
419,35,3
419,43,1
419,44,3
419,49,3
419,54,3
419,69,3
595,1,3
595,12,3
595,13,3
595,20,3
595,21,1
595,32,3
595,35,3
595,50,1
595,58,3
595,59,3
125,1,0
125,15,0
125,16,0
125,22,0
125,28,0
125,30,3
125,39,0
125,47,0
125,50,0
125,81,0
579,1,2
579,7,2
579,9,2
579,12,2
579,13,2
579,17,2
579,20,2
579,25,2
579,51,2
579,53,1
289,1,2
289,2,2
289,3,2
289,12,2
289,15,2
289,17,0
289,37,2
289,40,2
289,62,2
289,76,2
593,1,1
593,3,1
593,9,1
593,15,1
593,22,1
593,37,1
593,39,1
593,41,1
593,53,1
593,80,3
682,1,1
682,15,3
682,21,1
682,22,1
682,25,3
682,28,1
682,30,1
682,31,1
682,50,1
682,58,1
65,1,3
65,3,3
65,5,2
65,26,1
65,34,3
65,36,3
65,39,3
65,40,3
65,41,3
65,55,3
555,1,2
555,16,2
555,20,2
555,22,2
555,23,2
555,34,2
555,35,2
555,36,2
555,40,2
555,63,2
625,1,2
625,3,2
625,9,3
625,15,2
625,16,2
625,29,2
625,31,2
625,34,2
625,36,2
625,43,2
479,1,3
479,3,3
479,17,3
479,20,3
479,22,3
479,23,3
479,31,3
479,32,3
479,35,3
479,65,3
75,1,3
75,5,3
75,15,3
75,17,3
75,23,3
75,34,3
75,40,1
75,43,3
75,52,3
75,56,3
505,1,1
505,12,1
505,17,2
505,20,1
505,32,1
505,39,1
505,40,1
505,52,1
505,60,1
505,96,1
90,1,1
90,3,1
90,4,1
90,13,1
90,36,1
90,48,1
90,49,0
90,50,1
90,77,1
90,90,1
2,1,2
2,3,2
2,9,2
2,11,2
2,12,2
2,13,2
2,14,2
2,15,3
2,16,2
2,17,2
147,1,3
147,2,3
147,3,3
147,5,3
147,37,3
147,40,3
147,47,3
147,61,3
147,76,3
147,77,3
398,1,1
398,10,1
398,13,1
398,25,1
398,35,0
398,40,1
398,47,1
398,51,2
398,53,1
398,91,3
257,1,0
257,2,0
257,5,1
257,31,3
257,35,0
257,37,0
257,48,0
257,52,0
257,60,0
257,90,0
590,1,0
590,3,0
590,12,0
590,13,0
590,15,0
590,16,2
590,20,0
590,56,0
590,60,0
590,76,0
323,1,2
323,3,2
323,12,1
323,25,0
323,27,0
323,31,2
323,34,2
323,37,2
323,39,2
323,40,2
714,1,1
714,11,1
714,16,1
714,20,1
714,22,1
714,28,1
714,31,0
714,35,1
714,43,1
714,47,2
142,1,2
142,9,2
142,10,2
142,16,2
142,20,2
142,21,2
142,22,2
142,37,2
142,52,2
142,86,2
128,1,3
128,2,3
128,3,3
128,12,1
128,13,3
128,20,3
128,28,3
128,35,0
128,44,3
128,47,3
263,1,0
263,13,0
263,16,0
263,20,0
263,37,0
263,40,0
263,41,0
263,43,0
263,62,0
263,81,0
452,1,2
452,2,2
452,9,2
452,16,2
452,25,2
452,28,2
452,29,2
452,31,2
452,37,2
452,56,2
628,1,0
628,8,3
628,13,0
628,16,0
628,20,0
628,29,3
628,34,0
628,35,0
628,53,0
628,66,2
57,1,3
57,5,2
57,8,3
57,37,3
57,43,3
57,45,2
57,47,3
57,49,3
57,52,3
57,80,3
185,1,3
185,12,3
185,20,3
185,21,1
185,25,3
185,31,3
185,35,3
185,43,1
185,55,3
185,60,3
347,1,1
347,3,3
347,8,3
347,10,1
347,12,3
347,34,1
347,44,1
347,47,1
347,50,0
347,61,1
563,1,0
563,6,0
563,10,0
563,14,0
563,16,0
563,25,3
563,34,0
563,45,0
563,47,0
563,61,0
174,1,3
174,3,3
174,6,1
174,10,0
174,13,3
174,21,3
174,22,3
174,35,0
174,60,3
174,61,3
31,1,2
31,9,0
31,10,2
31,13,2
31,15,2
31,20,2
31,31,3
31,35,2
31,43,2
31,48,2
269,1,0
269,3,0
269,13,0
269,15,0
269,16,0
269,22,0
269,36,0
269,53,0
269,57,0
269,75,0
653,1,3
653,11,3
653,13,3
653,21,3
653,22,3
653,25,3
653,29,0
653,55,3
653,59,3
653,61,3
6,1,2
6,13,2
6,16,2
6,20,2
6,25,3
6,35,2
6,36,2
6,37,2
6,38,2
6,39,2
594,1,0
594,3,0
594,7,0
594,10,0
594,16,0
594,22,0
594,29,0
594,55,1
594,60,0
594,63,0
256,1,1
256,8,1
256,13,1
256,14,1
256,20,1
256,22,1
256,31,1
256,35,2
256,44,1
256,53,1
13,1,3
13,2,3
13,5,3
13,9,3
13,10,3
13,12,3
13,13,3
13,14,3
13,25,3
13,43,1
580,1,3
580,3,3
580,12,3
580,15,3
580,22,3
580,27,3
580,31,3
580,44,3
580,51,3
580,80,3
12,1,1
12,2,1
12,4,1
12,8,1
12,10,1
12,26,1
12,31,1
12,34,1
12,43,2
12,50,1
220,1,0
220,3,0
220,5,1
220,21,0
220,23,0
220,44,0
220,47,3
220,57,0
220,61,0
220,76,0
380,1,0
380,3,0
380,9,0
380,13,0
380,21,0
380,37,0
380,41,0
380,43,3
380,56,0
380,63,0
156,1,2
156,3,2
156,8,2
156,21,2
156,22,2
156,25,1
156,31,1
156,35,2
156,39,1
156,56,2
359,1,2
359,9,2
359,16,2
359,22,2
359,25,2
359,34,2
359,48,0
359,55,2
359,61,1
359,97,1
308,1,1
308,4,1
308,6,1
308,13,1
308,16,1
308,23,1
308,31,1
308,50,1
308,72,1
308,90,2
275,1,1
275,3,1
275,16,1
275,31,3
275,32,1
275,34,1
275,35,1
275,43,2
275,49,1
275,69,1
602,1,2
602,3,2
602,10,1
602,11,2
602,13,2
602,17,2
602,20,2
602,49,2
602,56,2
602,80,2
730,1,2
730,3,2
730,9,2
730,11,2
730,14,2
730,20,0
730,25,3
730,34,3
730,53,2
730,73,2
562,1,1
562,4,1
562,13,1
562,16,1
562,21,1
562,22,1
562,37,1
562,40,1
562,43,2
562,48,1
223,1,2
223,2,2
223,3,2
223,6,2
223,9,1
223,20,2
223,29,2
223,31,1
223,35,2
223,45,2
365,1,1
365,6,0
365,9,1
365,16,1
365,22,1
365,35,0
365,40,1
365,43,0
365,44,1
365,55,1
162,1,1
162,9,3
162,16,1
162,27,3
162,29,3
162,31,1
162,42,1
162,48,0
162,58,1
162,85,1
240,1,2
240,2,2
240,13,2
240,16,2
240,19,2
240,20,2
240,23,2
240,43,2
240,49,2
240,54,2
100,1,0
100,3,1
100,4,1
100,10,0
100,13,0
100,26,3
100,34,0
100,49,0
100,56,0
100,61,0
370,1,3
370,9,2
370,16,3
370,20,3
370,23,3
370,35,3
370,37,3
370,53,3
370,58,3
370,66,3
617,1,2
617,10,2
617,19,2
617,21,2
617,31,2
617,34,2
617,35,2
617,39,2
617,43,1
617,58,2
556,1,2
556,5,1
556,13,2
556,17,2
556,19,2
556,20,2
556,25,1
556,35,1
556,39,2
556,66,2
71,1,2
71,13,2
71,15,3
71,34,3
71,35,2
71,47,2
71,51,2
71,54,1
71,55,1
71,66,2
290,1,1
290,3,1
290,7,1
290,12,2
290,13,1
290,16,2
290,21,1
290,22,1
290,29,1
290,45,1
383,1,1
383,10,3
383,34,1
383,39,1
383,40,2
383,44,1
383,47,1
383,48,1
383,79,1
383,102,1
524,1,3
524,10,3
524,14,3
524,21,3
524,30,3
524,35,1
524,40,3
524,54,0
524,66,3
524,69,3
317,1,3
317,2,3
317,3,3
317,10,3
317,13,3
317,16,0
317,22,3
317,34,3
317,37,3
317,62,3
95,1,1
95,2,1
95,3,1
95,9,1
95,10,1
95,13,1
95,20,1
95,22,1
95,44,1
95,67,1
369,1,2
369,5,2
369,14,2
369,16,2
369,23,2
369,34,2
369,35,2
369,37,2
369,85,2
369,88,2
250,1,3
250,3,3
250,29,3
250,35,3
250,39,3
250,40,3
250,43,3
250,73,3
250,83,3
250,90,2
73,1,1
73,3,1
73,9,1
73,13,1
73,16,3
73,20,1
73,35,1
73,37,1
73,40,1
73,53,1
41,1,2
41,16,2
41,30,2
41,31,0
41,34,2
41,35,2
41,49,2
41,72,2
41,74,2
41,75,2
482,1,3
482,5,3
482,10,3
482,16,3
482,35,0
482,39,3
482,40,0
482,43,3
482,54,3
482,88,3
116,1,3
116,12,1
116,13,3
116,14,3
116,17,3
116,23,3
116,35,3
116,40,3
116,47,3
116,61,1
113,1,3
113,2,3
113,3,3
113,12,1
113,20,3
113,23,3
113,37,3
113,52,3
113,54,3
113,73,3
345,1,1
345,13,1
345,16,1
345,23,1
345,25,1
345,34,1
345,37,1
345,54,1
345,58,1
345,97,1
377,1,2
377,13,2
377,17,0
377,20,2
377,28,2
377,29,3
377,37,2
377,42,1
377,55,2
377,60,2
208,1,1
208,3,1
208,8,0
208,9,3
208,28,1
208,34,1
208,44,1
208,47,1
208,53,1
208,65,1
655,1,0
655,2,0
655,3,0
655,11,0
655,13,0
655,16,1
655,31,0
655,40,0
655,55,1
655,56,0
304,1,1
304,2,1
304,16,0
304,17,1
304,23,1
304,29,0
304,31,3
304,61,1
304,90,3
304,97,1
611,1,3
611,11,3
611,13,3
611,17,3
611,21,3
611,22,3
611,34,1
611,37,3
611,43,3
611,56,0
581,1,2
581,13,2
581,19,2
581,37,2
581,39,2
581,41,2
581,43,2
581,47,2
581,56,2
581,63,2
270,1,3
270,11,3
270,16,3
270,20,3
270,35,3
270,39,3
270,40,3
270,69,3
270,81,0
270,85,3
552,1,0
552,9,0
552,12,0
552,16,0
552,22,0
552,23,0
552,31,0
552,39,1
552,45,3
552,55,0
164,1,3
164,14,3
164,20,3
164,29,3
164,30,3
164,31,0
164,41,3
164,56,3
164,58,3
164,89,3
704,1,3
704,16,3
704,21,3
704,28,3
704,34,3
704,35,1
704,51,3
704,54,2
704,73,1
704,107,3
209,1,2
209,3,2
209,10,2
209,20,2
209,31,0
209,35,2
209,36,2
209,41,2
209,43,2
209,61,0
402,1,1
402,2,1
402,9,1
402,10,1
402,13,1
402,15,1
402,18,1
402,30,1
402,41,1
402,55,1
285,1,0
285,16,0
285,25,2
285,27,0
285,50,0
285,56,0
285,57,0
285,63,0
285,70,1
285,85,0
216,1,0
216,3,0
216,8,0
216,13,0
216,15,0
216,16,1
216,26,0
216,31,1
216,49,0
216,70,0
222,1,2
222,9,2
222,10,2
222,13,2
222,16,3
222,20,2
222,34,2
222,41,2
222,54,1
222,72,2
722,1,1
722,8,1
722,17,1
722,20,1
722,22,1
722,23,1
722,28,1
722,31,1
722,41,1
722,55,1
335,1,0
335,9,0
335,16,0
335,20,3
335,21,0
335,28,0
335,35,2
335,36,0
335,37,0
335,61,2
553,1,2
553,2,2
553,5,2
553,28,2
553,43,2
553,44,2
553,50,0
553,54,2
553,61,2
553,99,2
343,1,1
343,3,1
343,16,3
343,20,1
343,21,1
343,28,1
343,31,1
343,35,1
343,61,2
343,66,1
118,1,2
118,8,2
118,16,1
118,20,2
118,23,2
118,25,2
118,28,2
118,29,2
118,34,2
118,53,2
354,1,1
354,5,3
354,15,1
354,23,1
354,27,1
354,32,1
354,52,1
354,55,1
354,60,1
354,62,1
259,1,2
259,7,2
259,9,2
259,13,2
259,34,2
259,37,2
259,56,2
259,58,2
259,62,2
259,98,2
679,1,0
679,6,2
679,10,0
679,16,0
679,19,0
679,34,0
679,37,0
679,59,0
679,61,2
679,66,0
403,1,1
403,3,1
403,13,1
403,16,1
403,22,1
403,35,3
403,40,1
403,43,1
403,56,1
403,61,1
46,1,0
46,2,0
46,7,0
46,9,2
46,16,0
46,23,0
46,37,0
46,40,3
46,43,0
46,47,0
81,1,1
81,12,1
81,15,1
81,31,3
81,37,1
81,39,1
81,41,1
81,67,1
81,77,1
81,85,1
211,1,0
211,3,0
211,13,0
211,19,0
211,37,0
211,40,0
211,44,0
211,54,3
211,57,0
211,89,2
445,1,0
445,3,0
445,10,0
445,13,0
445,16,3
445,20,0
445,25,0
445,37,0
445,43,0
445,45,1
459,1,2
459,6,0
459,12,2
459,13,2
459,15,2
459,22,2
459,23,2
459,34,2
459,55,2
459,56,0
23,1,0
23,3,0
23,10,0
23,13,0
23,20,0
23,36,0
23,39,0
23,48,0
23,55,0
23,64,0
242,1,2
242,3,2
242,8,2
242,13,2
242,31,1
242,34,2
242,35,2
242,37,2
242,40,2
242,43,2
276,1,2
276,5,2
276,9,3
276,20,2
276,22,2
276,23,2
276,24,2
276,31,1
276,37,2
276,50,0
8,1,0
8,3,3
8,5,2
8,20,0
8,23,0
8,40,0
8,44,0
8,45,3
8,46,0
8,47,0
325,1,2
325,2,2
325,11,2
325,25,2
325,28,2
325,31,1
325,43,2
325,47,2
325,55,1
325,61,2
97,1,1
97,10,1
97,15,1
97,17,1
97,31,2
97,37,1
97,39,1
97,43,1
97,62,1
97,90,0
568,1,2
568,14,2
568,20,2
568,40,2
568,43,1
568,54,2
568,56,2
568,61,2
568,63,2
568,89,2
179,1,2
179,9,2
179,20,2
179,23,2
179,31,2
179,34,2
179,42,3
179,48,2
179,54,2
179,65,2
322,1,3
322,3,3
322,9,3
322,17,3
322,20,3
322,41,3
322,44,3
322,45,3
322,61,2
322,87,3
426,1,1
426,9,2
426,13,1
426,28,1
426,34,1
426,35,1
426,37,1
426,40,1
426,54,0
426,58,1
232,1,3
232,13,3
232,29,3
232,31,2
232,40,3
232,47,3
232,49,3
232,51,3
232,63,3
232,72,3
42,1,0
42,10,0
42,11,0
42,12,0
42,16,0
42,35,0
42,40,0
42,43,0
42,58,0
42,65,0
489,1,2
489,13,2
489,31,2
489,39,3
489,41,2
489,47,2
489,50,3
489,56,2
489,63,2
489,80,2
530,1,3
530,3,3
530,9,3
530,13,3
530,15,1
530,16,3
530,22,3
530,37,3
530,53,3
530,55,3
718,1,2
718,9,1
718,12,3
718,13,2
718,16,2
718,22,2
718,25,2
718,31,2
718,34,2
718,58,2
287,1,0
287,3,0
287,9,3
287,11,0
287,20,0
287,22,0
287,29,0
287,43,0
287,58,0
287,90,2
106,1,3
106,3,3
106,9,3
106,37,3
106,42,3
106,43,2
106,54,3
106,55,2
106,56,2
106,61,1
310,1,1
310,13,1
310,22,1
310,23,1
310,27,1
310,34,1
310,36,1
310,43,2
310,45,1
310,63,1
229,1,0
229,9,0
229,13,0
229,23,0
229,34,2
229,37,0
229,40,0
229,43,0
229,51,0
229,55,2
87,1,1
87,8,1
87,14,1
87,16,0
87,28,1
87,31,1
87,34,1
87,39,1
87,43,1
87,69,1
88,1,1
88,9,1
88,10,1
88,16,1
88,19,3
88,21,1
88,37,1
88,42,1
88,51,0
88,55,1
78,1,3
78,9,0
78,10,1
78,16,3
78,20,3
78,21,3
78,22,3
78,29,3
78,30,1
78,43,3
115,1,2
115,3,3
115,9,2
115,12,3
115,13,2
115,20,2
115,41,2
115,51,2
115,53,2
115,54,2
615,1,0
615,8,0
615,13,0
615,34,0
615,36,0
615,37,0
615,42,0
615,43,1
615,47,0
615,62,0
678,1,3
678,13,3
678,16,3
678,20,3
678,22,3
678,25,3
678,34,3
678,43,3
678,54,3
678,88,3
428,1,0
428,3,0
428,5,0
428,17,0
428,27,0
428,34,0
428,41,0
428,61,0
428,72,0
428,80,0
388,1,1
388,2,1
388,4,1
388,6,1
388,14,1
388,16,0
388,40,1
388,41,1
388,50,3
388,51,1
448,1,2
448,3,2
448,13,2
448,17,2
448,20,2
448,35,2
448,37,2
448,43,2
448,50,2
448,58,2
124,1,1
124,9,2
124,19,2
124,21,2
124,23,2
124,25,2
124,35,2
124,36,2
124,40,2
124,56,2
525,1,0
525,3,1
525,13,1
525,19,1
525,31,1
525,40,1
525,53,1
525,56,1
525,60,1
525,65,1
413,1,1
413,3,3
413,12,2
413,16,3
413,21,3
413,25,1
413,28,3
413,30,3
413,31,2
413,50,3
311,1,0
311,9,1
311,15,3
311,28,3
311,34,3
311,35,3
311,37,3
311,58,3
311,87,3
311,101,3
433,1,2
433,5,2
433,9,0
433,15,0
433,16,0
433,25,0
433,28,0
433,43,1
433,52,0
433,58,0
102,1,2
102,9,1
102,15,1
102,27,3
102,28,1
102,31,0
102,34,1
102,50,1
102,60,1
102,73,1
366,1,2
366,4,3
366,16,3
366,21,3
366,34,3
366,35,3
366,39,1
366,41,3
366,43,3
366,51,3
632,1,1
632,3,3
632,5,3
632,9,3
632,13,3
632,29,3
632,37,3
632,43,3
632,65,3
632,105,3
560,2,1
560,12,2
560,13,1
560,16,3
560,26,2
560,35,2
560,53,1
560,58,1
560,60,1
560,65,1
374,2,1
374,3,1
374,9,1
374,21,1
374,23,1
374,26,2
374,35,1
374,40,1
374,41,1
374,62,1
393,2,0
393,3,0
393,7,0
393,16,0
393,27,1
393,31,0
393,35,0
393,37,0
393,39,0
393,70,0
66,2,3
66,9,3
66,13,3
66,16,2
66,23,3
66,25,2
66,39,3
66,47,3
66,56,3
66,68,3
109,2,1
109,3,1
109,15,0
109,21,1
109,34,1
109,35,1
109,40,0
109,44,1
109,47,1
109,78,1
297,2,2
297,3,2
297,9,2
297,28,2
297,34,2
297,37,2
297,40,2
297,41,2
297,51,2
297,55,3
237,2,1
237,5,1
237,13,1
237,20,1
237,33,1
237,35,1
237,41,1
237,43,1
237,44,1
237,60,1
175,2,1
175,3,1
175,13,1
175,16,1
175,21,1
175,30,1
175,35,1
175,40,1
175,43,2
175,47,1
441,2,3
441,9,3
441,17,0
441,25,3
441,29,3
441,30,3
441,35,3
441,37,3
441,47,3
441,73,3
64,2,2
64,13,2
64,23,2
64,29,2
64,35,0
64,39,2
64,40,2
64,47,2
64,55,2
64,83,2
430,2,2
430,8,2
430,20,2
430,22,2
430,23,2
430,29,3
430,31,2
430,56,0
430,61,2
430,83,2
603,2,3
603,3,3
603,9,3
603,11,3
603,21,3
603,22,3
603,31,3
603,35,1
603,49,3
603,58,3
51,2,2
51,9,2
51,17,2
51,23,2
51,24,3
51,25,2
51,39,2
51,40,2
51,54,0
51,58,2
367,2,1
367,3,1
367,16,1
367,19,0
367,20,3
367,23,1
367,31,0
367,40,1
367,50,3
367,63,1
539,2,1
539,3,1
539,8,1
539,21,0
539,23,1
539,31,2
539,43,1
539,45,1
539,47,1
539,55,1
145,2,0
145,9,0
145,13,0
145,16,0
145,17,0
145,22,0
145,29,0
145,31,0
145,32,0
145,39,0
382,2,3
382,9,3
382,13,3
382,19,3
382,20,3
382,21,3
382,23,3
382,28,3
382,40,3
382,56,3
363,2,3
363,10,3
363,13,3
363,15,3
363,37,3
363,39,3
363,40,2
363,50,3
363,56,3
363,60,3
425,2,2
425,3,1
425,12,2
425,16,2
425,31,2
425,34,2
425,35,2
425,37,2
425,56,2
425,99,2
432,2,2
432,14,2
432,16,2
432,20,2
432,22,2
432,24,2
432,29,2
432,31,2
432,34,2
432,53,2
135,2,2
135,3,2
135,5,2
135,12,0
135,25,2
135,31,3
135,34,2
135,35,2
135,53,2
135,58,2
218,2,2
218,3,2
218,6,3
218,14,2
218,17,2
218,31,2
218,40,2
218,55,2
218,62,2
218,69,2
638,2,2
638,9,3
638,20,2
638,26,2
638,31,0
638,43,2
638,44,2
638,51,2
638,60,2
638,73,0
63,2,1
63,3,1
63,19,1
63,34,1
63,37,1
63,40,1
63,43,1
63,55,1
63,83,1
63,84,1
614,2,2
614,3,2
614,13,2
614,21,2
614,29,2
614,30,2
614,34,2
614,35,2
614,61,2
614,65,2
288,2,0
288,9,0
288,22,0
288,28,0
288,29,0
288,31,0
288,34,0
288,40,2
288,43,2
288,58,0
577,2,2
577,7,2
577,9,2
577,10,3
577,28,2
577,31,0
577,37,2
577,50,2
577,56,2
577,81,3
423,2,0
423,13,0
423,16,0
423,17,0
423,23,0
423,53,0
423,56,0
423,60,0
423,65,0
423,90,0
546,2,2
546,3,2
546,8,2
546,12,2
546,13,2
546,16,2
546,21,2
546,25,2
546,54,2
546,56,2
234,2,1
234,3,1
234,9,1
234,16,1
234,20,1
234,43,2
234,55,3
234,56,1
234,63,1
234,74,1
453,2,3
453,5,1
453,7,3
453,12,2
453,13,3
453,20,3
453,43,3
453,47,3
453,55,3
453,70,3
25,2,2
25,3,2
25,9,2
25,10,2
25,22,2
25,34,2
25,44,2
25,50,1
25,58,2
25,66,2
436,2,3
436,3,3
436,4,2
436,7,3
436,16,1
436,20,3
436,22,3
436,37,3
436,61,2
436,70,3
538,2,3
538,9,3
538,13,3
538,31,3
538,47,3
538,50,1
538,54,2
538,58,3
538,60,3
538,61,3
80,2,1
80,5,1
80,9,1
80,16,1
80,18,1
80,20,1
80,25,1
80,53,1
80,58,1
80,87,1
21,2,2
21,15,2
21,16,2
21,23,2
21,34,2
21,40,1
21,43,0
21,47,2
21,50,3
21,63,2
146,2,1
146,3,1
146,5,1
146,9,1
146,15,1
146,21,1
146,22,1
146,37,1
146,40,1
146,76,1
171,2,2
171,9,2
171,15,2
171,16,2
171,35,2
171,37,2
171,41,2
171,55,2
171,57,2
171,61,1
427,2,3
427,3,3
427,10,3
427,13,3
427,15,3
427,21,3
427,22,3
427,34,2
427,42,3
427,67,2
337,2,3
337,3,3
337,8,3
337,10,3
337,13,3
337,21,3
337,39,3
337,41,3
337,47,3
337,88,3
449,2,3
449,5,3
449,12,0
449,20,3
449,23,3
449,35,3
449,37,3
449,41,3
449,46,3
449,57,3
10,2,0
10,3,0
10,9,1
10,12,0
10,16,0
10,21,2
10,34,0
10,51,0
10,53,0
10,54,0
444,2,1
444,4,0
444,10,1
444,21,1
444,23,1
444,31,1
444,40,2
444,41,1
444,51,1
444,66,1
252,2,2
252,3,2
252,7,2
252,16,0
252,22,2
252,23,2
252,39,2
252,41,2
252,42,3
252,54,2
324,2,3
324,9,0
324,13,3
324,19,1
324,24,3
324,31,3
324,44,3
324,62,3
324,88,3
324,89,2
241,2,0
241,3,0
241,5,1
241,12,0
241,13,0
241,22,0
241,25,3
241,29,1
241,41,0
241,58,0
464,2,2
464,3,2
464,13,2
464,16,0
464,31,2
464,36,2
464,43,3
464,50,3
464,65,2
464,81,3
496,2,1
496,9,1
496,16,1
496,17,0
496,28,1
496,31,2
496,35,0
496,43,1
496,49,1
496,69,1
45,2,0
45,3,0
45,9,0
45,10,0
45,16,0
45,20,2
45,31,1
45,39,0
45,53,0
45,67,0
644,2,1
644,3,1
644,10,1
644,13,1
644,19,1
644,21,2
644,31,3
644,34,1
644,40,0
644,56,1
561,2,1
561,8,1
561,13,1
561,17,1
561,19,1
561,20,1
561,35,3
561,39,3
561,55,2
561,56,1
627,2,2
627,3,2
627,5,2
627,9,2
627,12,2
627,16,2
627,35,2
627,40,2
627,43,2
627,60,2
344,2,2
344,3,2
344,4,2
344,23,2
344,37,2
344,61,2
344,62,2
344,72,2
344,85,2
344,99,2
450,2,3
450,10,3
450,12,2
450,13,3
450,25,3
450,32,3
450,35,0
450,40,3
450,41,3
450,52,3
62,2,0
62,7,0
62,10,0
62,13,0
62,34,0
62,39,0
62,42,0
62,61,0
62,76,2
62,81,0
168,2,0
168,3,0
168,7,0
168,9,0
168,13,0
168,29,0
168,44,0
168,53,3
168,61,0
168,76,0
544,2,0
544,3,0
544,5,2
544,9,3
544,13,0
544,16,0
544,35,2
544,40,0
544,43,0
544,59,0
188,2,0
188,3,3
188,9,0
188,15,0
188,16,0
188,28,0
188,31,0
188,40,0
188,41,0
188,60,0
49,2,2
49,3,2
49,9,2
49,16,0
49,25,1
49,28,2
49,35,2
49,50,2
49,73,2
49,76,0
406,2,1
406,13,1
406,16,0
406,22,1
406,26,1
406,34,1
406,35,2
406,50,0
406,61,1
406,70,1
83,2,0
83,10,0
83,11,0
83,13,0
83,16,0
83,20,0
83,21,3
83,26,0
83,77,0
83,89,0
334,2,3
334,12,2
334,20,3
334,23,3
334,26,3
334,28,3
334,35,3
334,43,1
334,47,3
334,98,3
566,2,3
566,3,3
566,8,2
566,20,3
566,23,3
566,42,1
566,43,3
566,54,3
566,60,3
566,62,3
137,2,3
137,10,2
137,21,3
137,23,3
137,27,3
137,34,3
137,35,3
137,37,3
137,44,3
137,50,3
668,2,3
668,3,3
668,13,3
668,19,3
668,22,3
668,23,3
668,35,3
668,40,1
668,44,3
668,54,1
407,2,1
407,9,3
407,29,1
407,31,2
407,34,1
407,50,1
407,56,1
407,63,1
407,66,1
407,85,1
435,2,0
435,4,2
435,7,0
435,12,2
435,20,0
435,27,1
435,62,0
435,72,0
435,94,0
435,105,1
210,2,2
210,3,2
210,13,2
210,31,0
210,35,2
210,47,2
210,48,3
210,54,2
210,66,2
210,94,2
235,2,2
235,3,2
235,9,2
235,10,2
235,12,2
235,13,2
235,16,3
235,26,2
235,50,2
235,95,2
349,2,1
349,5,1
349,6,3
349,9,1
349,14,1
349,20,1
349,34,0
349,35,1
349,42,2
349,51,2
339,2,2
339,3,1
339,12,2
339,14,2
339,19,2
339,32,2
339,34,2
339,35,2
339,37,2
339,67,2
523,2,0
523,10,0
523,20,0
523,23,0
523,30,0
523,37,0
523,49,0
523,51,0
523,58,0
523,63,0
330,2,0
330,8,1
330,27,3
330,31,2
330,34,0
330,35,0
330,39,0
330,47,0
330,69,0
330,96,0
358,2,3
358,9,3
358,12,1
358,13,3
358,21,3
358,25,2
358,35,3
358,36,3
358,52,3
358,54,3
27,2,3
27,3,3
27,9,0
27,13,3
27,23,3
27,25,2
27,34,3
27,52,3
27,56,3
27,67,3
231,2,1
231,4,1
231,6,2
231,16,1
231,17,1
231,19,1
231,35,1
231,37,1
231,43,0
231,68,1
532,2,3
532,5,3
532,14,3
532,21,3
532,23,3
532,26,3
532,27,3
532,35,3
532,67,0
532,69,3
169,2,1
169,7,1
169,13,1
169,16,0
169,20,1
169,21,1
169,35,1
169,39,1
169,45,1
169,62,1
353,2,2
353,9,3
353,16,2
353,22,2
353,31,2
353,40,2
353,43,2
353,58,2
353,69,0
353,70,2
652,2,0
652,9,0
652,13,0
652,16,0
652,31,2
652,34,0
652,40,0
652,57,0
652,62,3
652,66,3
331,2,3
331,3,3
331,13,3
331,14,3
331,16,3
331,27,1
331,35,1
331,40,3
331,58,3
331,68,3
394,2,3
394,5,3
394,13,3
394,15,3
394,17,1
394,31,3
394,34,0
394,40,3
394,49,3
394,96,3
352,2,1
352,11,1
352,20,1
352,21,3
352,25,3
352,31,1
352,35,1
352,41,1
352,44,1
352,52,1
300,2,1
300,3,0
300,9,1
300,16,1
300,21,1
300,22,1
300,40,1
300,49,2
300,65,1
300,68,1
537,2,3
537,9,3
537,12,3
537,20,3
537,23,3
537,30,3
537,36,3
537,47,3
537,66,3
537,76,3
123,2,2
123,3,2
123,16,2
123,21,3
123,26,2
123,31,3
123,35,1
123,37,2
123,50,0
123,52,2
217,2,1
217,8,1
217,9,2
217,17,1
217,27,0
217,37,1
217,41,1
217,60,1
217,63,1
217,77,1
527,3,3
527,5,2
527,8,3
527,13,3
527,20,3
527,25,3
527,28,3
527,45,3
527,56,3
527,69,3
338,3,0
338,10,0
338,15,0
338,20,0
338,22,0
338,31,0
338,40,0
338,41,0
338,48,0
338,53,0
470,3,3
470,7,3
470,12,3
470,17,0
470,29,2
470,39,3
470,47,3
470,55,0
470,61,3
470,85,3
33,3,0
33,9,0
33,11,0
33,16,0
33,19,0
33,21,0
33,25,0
33,34,2
33,41,0
33,58,0
790,3,0
790,9,0
790,20,0
790,21,2
790,22,0
790,30,0
790,41,0
790,43,0
790,54,0
790,66,0
771,3,2
771,20,2
771,30,3
771,47,2
771,50,2
771,55,1
771,61,3
771,66,2
771,73,2
771,88,2
3,3,1
3,12,0
3,13,1
3,16,1
3,17,1
3,18,1
3,19,3
3,20,1
3,21,2
3,22,1
60,3,2
60,9,2
60,12,2
60,34,2
60,39,1
60,50,0
60,53,2
60,54,2
60,80,3
60,81,2
493,3,1
493,10,1
493,17,1
493,36,1
493,37,1
493,40,0
493,47,1
493,61,1
493,62,1
493,70,1
669,3,2
669,11,2
669,13,2
669,16,1
669,19,2
669,21,2
669,28,2
669,29,2
669,31,2
669,47,2
139,3,3
139,15,3
139,16,3
139,28,3
139,35,3
139,42,3
139,55,3
139,58,3
139,66,3
139,73,3
684,3,0
684,8,0
684,9,1
684,21,0
684,22,0
684,34,0
684,35,0
684,43,1
684,53,0
684,58,0
662,3,2
662,16,2
662,21,2
662,25,1
662,28,2
662,34,2
662,35,2
662,36,2
662,39,2
662,43,1
136,3,1
136,5,0
136,9,0
136,11,1
136,13,1
136,21,1
136,25,1
136,37,1
136,40,1
136,63,1
38,3,2
38,11,2
38,16,3
38,17,0
38,19,2
38,22,2
38,29,2
38,31,0
38,34,2
38,61,3
11,3,0
11,5,0
11,19,0
11,25,0
11,31,0
11,35,0
11,39,0
11,50,0
11,54,0
11,55,2
701,3,2
701,9,2
701,20,2
701,40,2
701,41,2
701,47,2
701,51,2
701,59,2
701,66,2
701,94,2
677,3,1
677,13,1
677,19,1
677,25,1
677,35,3
677,42,2
677,54,2
677,55,1
677,56,1
677,58,1
799,3,2
799,9,2
799,11,2
799,20,2
799,35,2
799,41,2
799,51,2
799,61,2
799,63,2
799,88,2
298,3,0
298,5,2
298,9,0
298,16,0
298,25,0
298,26,3
298,42,0
298,65,0
298,67,0
298,89,0
515,3,1
515,9,1
515,11,1
515,13,1
515,16,3
515,19,1
515,22,1
515,51,1
515,53,0
515,94,1
312,3,3
312,9,3
312,16,3
312,23,3
312,31,3
312,35,3
312,41,1
312,47,3
312,53,1
312,65,3
465,3,2
465,12,2
465,13,2
465,16,2
465,22,2
465,28,2
465,34,2
465,41,2
465,43,2
465,47,2
646,3,3
646,9,1
646,13,3
646,14,3
646,16,3
646,31,3
646,35,3
646,37,3
646,43,1
646,45,1
193,3,3
193,9,1
193,13,3
193,16,3
193,19,3
193,23,3
193,27,3
193,30,3
193,41,3
193,60,3
442,3,3
442,9,1
442,19,3
442,20,3
442,26,3
442,28,3
442,34,3
442,43,3
442,82,3
442,91,0
293,3,3
293,4,1
293,16,3
293,20,3
293,25,1
293,28,3
293,30,3
293,36,3
293,41,3
293,50,3
82,3,2
82,9,2
82,20,2
82,22,2
82,29,0
82,35,2
82,40,2
82,61,3
82,69,2
82,88,2
735,3,2
735,5,2
735,9,3
735,16,2
735,20,2
735,25,3
735,37,2
735,40,3
735,42,1
735,58,2
674,3,3
674,8,3
674,16,2
674,20,3
674,25,2
674,31,3
674,37,3
674,40,1
674,43,3
674,102,3
507,3,2
507,8,1
507,14,2
507,16,2
507,34,2
507,35,1
507,43,2
507,51,2
507,54,1
507,55,3
418,3,3
418,14,3
418,17,3
418,23,3
418,34,3
418,50,3
418,53,3
418,55,3
418,58,3
418,61,0
618,3,1
618,13,1
618,15,1
618,19,1
618,20,2
618,44,1
618,50,1
618,55,3
618,56,1
618,60,1
138,3,2
138,11,2
138,14,2
138,19,0
138,29,2
138,34,2
138,35,2
138,37,2
138,40,0
138,55,2
361,3,2
361,5,1
361,9,2
361,20,2
361,22,2
361,31,2
361,34,2
361,43,2
361,54,2
361,55,3
472,3,1
472,9,1
472,13,1
472,16,1
472,20,1
472,21,1
472,35,1
472,39,0
472,43,0
472,53,1
364,3,3
364,9,2
364,16,3
364,20,3
364,22,3
364,29,3
364,30,3
364,42,2
364,55,3
364,88,3
316,3,1
316,11,1
316,16,3
316,19,0
316,20,1
316,21,1
316,22,1
316,25,2
316,34,1
316,40,1
511,3,0
511,5,0
511,14,0
511,16,3
511,21,0
511,28,0
511,29,0
511,47,0
511,60,0
511,102,0
127,3,3
127,8,3
127,16,3
127,20,3
127,25,3
127,31,2
127,35,3
127,40,3
127,58,3
127,91,3
692,3,0
692,9,0
692,13,0
692,22,0
692,27,1
692,34,0
692,35,3
692,42,0
692,43,0
692,51,0
273,3,3
273,5,2
273,7,3
273,22,3
273,36,3
273,40,0
273,43,1
273,52,3
273,54,0
273,61,3
239,3,1
239,9,3
239,15,3
239,27,1
239,28,1
239,35,1
239,37,1
239,44,1
239,58,1
239,95,1
536,3,1
536,14,1
536,16,1
536,19,1
536,20,1
536,25,1
536,36,1
536,47,1
536,50,2
536,56,1
355,3,3
355,5,0
355,9,1
355,19,3
355,28,3
355,29,3
355,35,3
355,40,0
355,53,3
355,99,3
492,3,2
492,11,2
492,13,2
492,21,0
492,22,2
492,31,0
492,50,3
492,55,3
492,84,2
492,94,2
699,3,0
699,6,1
699,13,0
699,16,0
699,18,0
699,25,0
699,31,3
699,36,0
699,45,0
699,73,0
152,3,1
152,6,1
152,9,1
152,25,1
152,27,1
152,35,0
152,37,1
152,43,1
152,53,1
152,56,1
342,3,3
342,12,0
342,20,3
342,30,3
342,34,3
342,39,3
342,41,3
342,42,3
342,47,3
342,83,3
372,3,3
372,8,3
372,10,3
372,21,3
372,26,3
372,37,3
372,40,3
372,58,3
372,67,1
372,99,2
192,3,3
192,12,3
192,13,3
192,16,3
192,20,3
192,21,3
192,26,3
192,37,3
192,41,3
192,55,1
739,3,2
739,9,2
739,16,2
739,21,2
739,31,1
739,34,2
739,53,2
739,58,2
739,60,2
739,63,2
803,3,2
803,9,2
803,16,2
803,21,2
803,28,2
803,29,2
803,31,0
803,35,0
803,42,2
803,55,2
540,3,3
540,9,0
540,12,3
540,15,3
540,31,2
540,39,3
540,40,3
540,46,3
540,52,3
540,56,3
476,3,0
476,12,0
476,20,0
476,22,0
476,27,0
476,29,0
476,36,0
476,41,0
476,42,2
476,65,0
395,3,1
395,11,1
395,13,1
395,31,1
395,36,1
395,39,1
395,48,0
395,51,1
395,53,1
395,85,1
48,3,2
48,13,2
48,14,2
48,23,2
48,31,2
48,34,2
48,35,2
48,41,2
48,47,2
48,61,2
741,3,0
741,9,0
741,12,0
741,16,2
741,31,3
741,35,1
741,42,0
741,43,0
741,58,0
741,72,0
309,3,0
309,8,3
309,13,0
309,16,0
309,19,3
309,25,3
309,35,0
309,37,0
309,40,0
309,55,0
161,3,2
161,9,1
161,10,2
161,13,2
161,16,2
161,21,2
161,35,1
161,42,0
161,43,2
161,54,2
738,3,3
738,14,3
738,16,3
738,20,3
738,25,1
738,30,2
738,31,1
738,34,3
738,40,3
738,43,3
554,3,2
554,10,2
554,14,2
554,16,3
554,22,2
554,34,2
554,37,2
554,51,2
554,52,2
554,60,2
781,3,1
781,13,1
781,16,1
781,20,1
781,30,1
781,35,1
781,43,0
781,45,1
781,47,1
781,58,1
639,3,3
639,12,2
639,21,3
639,22,3
639,23,3
639,31,0
639,35,3
639,37,3
639,39,3
639,55,2
307,3,0
307,13,0
307,15,1
307,21,1
307,30,2
307,34,0
307,36,0
307,39,2
307,41,0
307,73,3
458,3,0
458,6,3
458,9,0
458,10,0
458,12,3
458,34,0
458,40,1
458,42,0
458,43,0
458,60,0
533,3,3
533,5,3
533,10,3
533,13,3
533,16,3
533,34,3
533,37,3
533,47,3
533,53,3
533,57,3
629,3,2
629,5,2
629,16,0
629,31,2
629,41,2
629,43,2
629,47,2
629,53,3
629,58,2
629,62,2
141,3,3
141,9,3
141,20,3
141,24,2
141,31,3
141,35,3
141,37,3
141,44,3
141,54,2
141,80,3
221,3,3
221,8,3
221,10,3
221,19,3
221,20,3
221,35,3
221,41,3
221,47,3
221,68,3
221,70,3
756,3,0
756,9,3
756,10,0
756,13,0
756,16,0
756,25,0
756,30,0
756,34,0
756,61,0
756,102,0
610,3,1
610,13,1
610,14,1
610,16,1
610,20,1
610,28,1
610,39,1
610,45,1
610,61,1
610,66,0
381,3,3
381,16,0
381,19,3
381,20,3
381,23,3
381,34,3
381,39,3
381,58,3
381,69,3
381,82,3
619,3,1
619,5,0
619,12,0
619,20,1
619,21,1
619,31,1
619,43,2
619,51,1
619,53,1
619,55,1
645,3,2
645,9,2
645,16,2
645,20,2
645,34,2
645,42,0
645,43,2
645,53,2
645,60,2
645,63,2
807,3,0
807,9,0
807,12,0
807,13,0
807,20,2
807,25,0
807,28,0
807,34,0
807,43,0
807,53,2
455,3,3
455,13,3
455,15,3
455,16,1
455,20,1
455,22,3
455,27,3
455,29,1
455,37,3
455,47,3
282,3,1
282,6,2
282,9,1
282,13,1
282,16,1
282,22,1
282,34,1
282,37,1
282,60,1
282,65,1
19,3,1
19,9,1
19,12,1
19,13,1
19,14,1
19,16,1
19,31,0
19,34,2
19,53,1
19,55,0
167,3,0
167,12,0
167,13,0
167,19,0
167,20,0
167,25,1
167,35,0
167,37,0
167,39,2
167,49,0
91,3,1
91,5,0
91,20,1
91,22,1
91,29,1
91,30,1
91,31,1
91,35,1
91,56,1
91,81,1
591,3,1
591,6,1
591,11,1
591,13,1
591,16,1
591,22,1
591,31,1
591,45,1
591,53,1
591,73,3
528,3,3
528,9,3
528,10,3
528,12,3
528,13,3
528,41,3
528,44,3
528,61,3
528,73,3
528,81,3
502,3,2
502,6,2
502,9,2
502,13,2
502,16,1
502,19,2
502,23,2
502,30,2
502,35,0
502,53,2
721,3,2
721,9,0
721,11,2
721,21,2
721,25,2
721,28,2
721,41,2
721,47,2
721,62,2
721,84,2
107,3,3
107,5,3
107,11,3
107,20,3
107,22,3
107,34,3
107,36,3
107,40,3
107,41,3
107,53,3
635,3,3
635,5,3
635,16,2
635,19,3
635,20,3
635,22,3
635,40,3
635,54,3
635,56,3
635,97,3
609,3,0
609,9,0
609,12,3
609,16,0
609,22,0
609,34,0
609,35,0
609,43,0
609,47,0
609,58,0
770,3,3
770,5,3
770,9,3
770,12,1
770,21,3
770,31,2
770,34,3
770,35,3
770,53,3
770,58,3
303,3,3
303,8,3
303,9,3
303,13,3
303,16,3
303,23,3
303,53,0
303,54,3
303,57,3
303,58,3
387,3,1
387,10,1
387,12,0
387,16,3
387,20,1
387,23,1
387,27,1
387,40,0
387,47,1
387,54,0
636,3,3
636,8,2
636,13,3
636,21,2
636,25,1
636,28,3
636,31,2
636,35,3
636,43,3
636,59,3
313,3,3
313,6,3
313,13,3
313,16,3
313,20,3
313,21,3
313,36,3
313,40,2
313,41,3
313,52,3
5,3,3
5,16,3
5,20,3
5,25,0
5,28,3
5,31,3
5,32,3
5,33,3
5,34,3
5,35,3
201,3,2
201,8,2
201,12,0
201,14,2
201,20,2
201,28,2
201,31,0
201,37,2
201,42,2
201,43,2
397,3,2
397,8,2
397,9,2
397,13,2
397,15,2
397,26,2
397,35,2
397,41,2
397,44,2
397,63,2
512,3,0
512,5,2
512,34,0
512,35,1
512,40,2
512,45,0
512,55,0
512,66,0
512,88,0
512,94,0
513,3,0
513,10,0
513,20,0
513,22,0
513,25,0
513,28,0
513,31,0
513,40,3
513,43,0
513,63,0
481,3,1
481,7,1
481,9,1
481,13,1
481,20,1
481,25,1
481,40,1
481,42,1
481,50,3
481,55,1
696,3,0
696,9,3
696,12,0
696,13,0
696,16,2
696,34,0
696,37,0
696,43,0
696,47,0
696,73,0
180,3,3
180,4,3
180,13,3
180,19,3
180,23,3
180,26,0
180,35,3
180,48,3
180,56,3
180,60,3
651,3,3
651,10,3
651,13,3
651,20,3
651,29,3
651,36,3
651,40,3
651,41,3
651,43,1
651,62,3
769,3,3
769,9,3
769,16,3
769,22,3
769,25,3
769,28,3
769,58,3
769,60,3
769,73,3
769,94,3
709,3,1
709,13,1
709,16,1
709,21,1
709,22,1
709,28,1
709,29,1
709,34,1
709,35,2
709,42,3
461,3,3
461,8,3
461,17,3
461,22,3
461,35,3
461,39,3
461,43,3
461,50,3
461,53,3
461,54,3
647,3,0
647,6,1
647,10,3
647,21,0
647,23,0
647,25,0
647,31,3
647,34,0
647,39,2
647,40,0
670,3,2
670,10,2
670,11,2
670,14,2
670,22,2
670,23,2
670,25,3
670,29,2
670,35,2
670,55,2
695,3,3
695,5,0
695,9,3
695,12,3
695,13,3
695,16,3
695,20,3
695,23,3
695,31,1
695,43,3
506,3,1
506,4,1
506,5,1
506,9,1
506,11,1
506,20,1
506,26,1
506,30,1
506,31,1
506,43,1
203,3,2
203,6,3
203,9,1
203,10,2
203,11,2
203,16,1
203,19,2
203,37,2
203,49,2
203,70,0
306,3,1
306,9,1
306,14,1
306,31,1
306,49,0
306,51,1
306,55,1
306,56,1
306,61,1
306,65,1
412,3,3
412,13,3
412,20,3
412,23,3
412,28,3
412,35,2
412,45,3
412,48,3
412,50,1
412,69,3
630,3,3
630,13,3
630,14,3
630,15,0
630,31,3
630,34,3
630,35,3
630,43,3
630,61,3
630,73,3
400,3,2
400,6,2
400,10,2
400,31,0
400,35,2
400,36,2
400,37,2
400,43,2
400,44,2
400,60,2
748,3,0
748,9,0
748,10,2
748,11,0
748,16,1
748,20,0
748,31,0
748,34,0
748,55,0
748,66,0
782,3,2
782,6,2
782,20,2
782,22,2
782,25,2
782,29,2
782,43,2
782,54,2
782,58,2
782,73,2
356,3,0
356,13,0
356,20,0
356,35,0
356,42,0
356,44,0
356,51,0
356,54,0
356,62,0
356,73,0
623,3,0
623,5,0
623,9,0
623,13,0
623,16,0
623,23,0
623,25,1
623,28,0
623,36,0
623,55,0
332,3,2
332,5,2
332,9,2
332,21,2
332,34,2
332,35,2
332,39,2
332,47,2
332,58,2
332,79,2
341,3,3
341,11,3
341,13,3
341,16,3
341,24,1
341,31,0
341,37,3
341,54,3
341,62,3
341,69,3
783,3,2
783,9,2
783,20,2
783,21,2
783,31,3
783,34,2
783,42,2
783,43,0
783,47,2
783,84,2
746,3,3
746,5,3
746,9,3
746,10,3
746,20,3
746,31,0
746,40,3
746,41,3
746,58,3
746,73,3
246,3,3
246,8,3
246,9,3
246,13,3
246,16,3
246,20,3
246,23,3
246,29,3
246,34,3
246,72,3
797,3,3
797,5,1
797,9,3
797,16,3
797,19,3
797,31,3
797,41,3
797,58,3
797,61,3
797,94,3
296,3,0
296,10,0
296,20,0
296,40,0
296,42,2
296,53,0
296,55,0
296,56,0
296,58,0
296,63,0
454,3,2
454,9,2
454,13,2
454,16,2
454,18,2
454,20,2
454,22,2
454,39,2
454,40,2
454,47,2
371,3,0
371,8,1
371,9,0
371,16,0
371,20,0
371,21,0
371,35,0
371,39,0
371,41,0
371,54,0
691,3,3
691,5,3
691,9,0
691,13,3
691,20,3
691,31,2
691,41,3
691,43,3
691,53,3
691,87,3
144,3,1
144,13,1
144,16,1
144,17,1
144,19,1
144,23,1
144,34,1
144,36,1
144,37,1
144,90,1
737,3,1
737,16,0
737,21,1
737,31,1
737,35,1
737,41,1
737,54,1
737,63,1
737,66,1
737,109,1
143,3,0
143,13,0
143,17,0
143,31,2
143,34,2
143,44,0
143,50,0
143,56,0
143,77,0
143,90,3
724,3,2
724,10,1
724,13,2
724,16,2
724,20,2
724,22,2
724,34,2
724,47,2
724,59,2
724,66,2
54,3,0
54,8,0
54,9,0
54,12,0
54,16,0
54,23,0
54,28,0
54,34,0
54,35,2
54,43,3
509,3,3
509,9,3
509,16,3
509,20,3
509,21,3
509,35,3
509,39,3
509,50,0
509,51,3
509,61,3
793,3,2
793,5,0
793,9,2
793,13,2
793,22,2
793,31,2
793,35,3
793,41,2
793,47,2
793,58,2
18,3,1
18,9,1
18,13,1
18,17,3
18,18,1
18,26,0
18,40,3
18,43,1
18,54,1
18,61,3
747,3,1
747,20,1
747,27,1
747,34,1
747,35,2
747,43,3
747,47,1
747,58,1
747,63,1
747,88,1
702,3,3
702,14,3
702,16,3
702,20,3
702,21,1
702,31,2
702,37,1
702,41,3
702,42,2
702,61,3
411,3,1
411,10,1
411,11,1
411,13,1
411,19,2
411,25,2
411,42,3
411,58,1
411,62,1
411,66,1
206,3,3
206,5,3
206,9,3
206,13,3
206,19,3
206,34,3
206,39,3
206,53,3
206,61,3
206,90,3
571,3,2
571,21,0
571,31,3
571,34,2
571,50,3
571,55,2
571,58,2
571,63,2
571,69,2
571,94,2
773,3,3
773,9,3
773,13,3
773,16,3
773,20,3
773,22,3
773,25,3
773,28,3
773,54,3
773,72,3
191,3,1
191,9,0
191,10,2
191,11,1
191,13,1
191,16,1
191,17,1
191,22,1
191,39,1
191,57,1
795,3,1
795,5,1
795,9,1
795,10,1
795,16,1
795,22,1
795,28,1
795,36,1
795,45,1
795,63,1
327,3,0
327,16,0
327,19,2
327,22,0
327,25,0
327,35,0
327,47,0
327,51,0
327,53,0
327,54,0
15,3,3
15,16,3
15,28,3
15,34,3
15,36,3
15,40,3
15,42,2
15,43,3
15,55,3
15,59,3
28,3,2
28,13,2
28,14,2
28,19,2
28,20,2
28,27,2
28,29,3
28,40,2
28,43,2
28,51,2
749,3,2
749,10,0
749,13,2
749,16,2
749,21,2
749,31,2
749,34,2
749,45,2
749,63,2
749,66,2
572,3,1
572,10,1
572,13,1
572,15,1
572,22,1
572,26,0
572,31,1
572,40,0
572,43,3
572,56,1
226,3,2
226,8,2
226,9,2
226,15,2
226,16,2
226,21,0
226,31,2
226,40,0
226,50,0
226,62,2
227,3,3
227,5,3
227,16,3
227,20,3
227,24,0
227,25,3
227,35,3
227,43,3
227,55,3
227,61,3
165,3,0
165,12,0
165,13,0
165,16,0
165,22,0
165,31,3
165,35,0
165,43,2
165,47,0
165,55,0
133,3,1
133,12,2
133,16,1
133,31,2
133,35,3
133,43,0
133,61,1
133,63,1
133,76,2
133,83,1
487,3,3
487,9,0
487,22,3
487,25,3
487,31,1
487,35,3
487,41,3
487,43,3
487,57,3
487,95,3
498,3,2
498,22,2
498,25,0
498,27,0
498,28,2
498,34,2
498,35,2
498,40,2
498,42,2
498,53,2
710,3,3
710,9,3
710,16,3
710,20,3
710,23,3
710,28,3
710,34,3
710,35,1
710,43,3
710,58,3
604,3,3
604,5,3
604,13,3
604,16,3
604,28,3
604,34,3
604,35,3
604,47,3
604,55,1
604,80,0
605,3,2
605,15,2
605,22,2
605,25,3
605,29,0
605,35,2
605,40,2
605,42,2
605,43,2
605,61,2
351,3,3
351,13,3
351,16,3
351,19,3
351,22,3
351,34,3
351,35,3
351,40,3
351,55,0
351,59,3
761,3,2
761,9,2
761,13,2
761,16,2
761,26,2
761,31,1
761,35,2
761,42,2
761,43,0
761,59,2
742,3,2
742,5,2
742,13,2
742,28,2
742,29,3
742,34,2
742,40,2
742,41,2
742,42,2
742,58,2
101,3,2
101,17,0
101,23,2
101,27,2
101,34,0
101,35,2
101,36,2
101,47,2
101,55,2
101,75,2
416,3,3
416,5,1
416,21,3
416,34,3
416,35,3
416,46,3
416,47,3
416,53,0
416,58,3
416,61,3
526,3,0
526,9,2
526,25,0
526,31,0
526,35,0
526,39,1
526,49,0
526,53,3
526,67,0
526,73,0
753,3,0
753,9,1
753,28,0
753,35,0
753,43,0
753,55,0
753,62,0
753,66,0
753,73,0
753,107,0
765,3,2
765,9,2
765,21,2
765,25,2
765,31,2
765,34,2
765,35,2
765,40,2
765,43,2
765,58,2
654,3,1
654,8,0
654,13,1
654,29,1
654,31,1
654,37,1
654,41,1
654,43,1
654,55,1
654,58,1
685,3,1
685,7,1
685,10,1
685,17,1
685,20,1
685,22,1
685,42,2
685,43,1
685,47,1
685,60,1
745,3,3
745,8,3
745,9,1
745,13,3
745,21,3
745,30,3
745,53,3
745,58,3
745,66,3
745,84,3
158,3,2
158,13,2
158,20,2
158,25,3
158,31,0
158,34,2
158,35,2
158,47,2
158,73,1
158,80,2
751,3,0
751,16,0
751,20,0
751,22,0
751,28,0
751,30,0
751,35,2
751,36,0
751,58,0
751,66,0
675,3,3
675,11,3
675,20,3
675,22,3
675,25,3
675,30,0
675,41,3
675,45,1
675,51,3
675,59,3
384,3,3
384,9,0
384,13,3
384,28,3
384,34,3
384,41,3
384,50,2
384,61,3
384,63,3
384,94,3
170,3,1
170,13,1
170,16,1
170,20,1
170,24,1
170,34,2
170,36,1
170,50,1
170,54,1
170,93,1
708,3,3
708,6,3
708,9,0
708,12,1
708,16,3
708,20,3
708,29,3
708,34,3
708,53,0
708,59,3
755,3,3
755,9,3
755,12,3
755,20,3
755,23,3
755,30,3
755,42,2
755,58,3
755,69,3
755,84,3
173,3,1
173,8,1
173,19,3
173,20,1
173,29,1
173,35,1
173,40,1
173,43,1
173,55,2
173,73,1
401,3,3
401,16,3
401,17,3
401,22,3
401,23,3
401,34,1
401,40,3
401,41,3
401,52,3
401,104,3
681,3,0
681,8,0
681,12,0
681,13,0
681,14,0
681,22,0
681,28,0
681,35,1
681,51,0
681,59,0
723,3,0
723,9,0
723,11,0
723,13,0
723,27,3
723,28,0
723,30,2
723,31,1
723,34,0
723,72,0
715,3,3
715,5,3
715,13,3
715,16,3
715,20,3
715,25,2
715,34,3
715,42,2
715,47,3
715,58,3
550,3,2
550,9,2
550,13,2
550,14,2
550,23,2
550,35,2
550,39,2
550,40,2
550,47,2
550,61,2
318,3,1
318,10,1
318,20,1
318,23,1
318,28,1
318,34,1
318,35,0
318,37,1
318,55,1
318,56,1
541,3,2
541,4,2
541,8,2
541,13,2
541,15,3
541,21,2
541,35,2
541,40,1
541,43,0
541,57,2
96,3,2
96,5,1
96,10,2
96,15,1
96,19,2
96,25,3
96,35,2
96,48,2
96,49,2
96,83,2
486,3,2
486,10,2
486,31,1
486,35,3
486,47,2
486,52,2
486,55,2
486,60,2
486,70,2
486,90,2
85,3,1
85,9,3
85,11,1
85,13,1
85,20,1
85,27,0
85,31,1
85,43,1
85,61,1
85,73,1
716,3,1
716,10,1
716,13,1
716,20,3
716,30,3
716,31,1
716,43,2
716,50,1
716,51,1
716,58,1
30,3,1
30,5,0
30,10,2
30,20,1
30,22,1
30,27,2
30,31,3
30,35,1
30,41,1
30,59,1
346,3,2
346,9,0
346,11,2
346,17,2
346,31,1
346,34,2
346,41,2
346,45,2
346,54,2
346,71,2
690,3,3
690,9,3
690,13,3
690,16,1
690,21,3
690,22,3
690,25,2
690,47,3
690,53,3
690,73,1
663,3,1
663,9,2
663,13,1
663,16,1
663,20,1
663,21,1
663,27,2
663,34,1
663,35,1
663,59,1
804,3,2
804,8,1
804,9,2
804,11,2
804,12,2
804,14,2
804,22,2
804,29,2
804,54,3
804,88,2
501,3,0
501,13,0
501,15,3
501,20,0
501,27,0
501,34,0
501,40,0
501,50,2
501,56,2
501,77,0
787,3,1
787,9,1
787,16,1
787,23,1
787,30,3
787,31,1
787,34,1
787,35,0
787,42,3
787,61,2
190,3,3
190,9,3
190,25,1
190,37,3
190,40,3
190,43,3
190,55,3
190,56,1
190,61,0
190,68,3
99,3,0
99,13,0
99,20,0
99,21,0
99,22,0
99,35,0
99,36,0
99,37,0
99,57,0
99,73,0
460,3,1
460,9,1
460,11,1
460,16,1
460,19,1
460,28,1
460,45,0
460,50,1
460,52,1
460,53,1
212,3,1
212,13,1
212,16,1
212,23,1
212,31,3
212,35,3
212,43,1
212,47,1
212,58,1
212,78,2
151,3,3
151,11,3
151,13,3
151,15,3
151,25,0
151,31,0
151,34,3
151,36,3
151,68,3
151,88,3
534,3,0
534,7,0
534,9,0
534,11,0
534,31,0
534,47,0
534,56,0
534,61,0
534,72,0
534,91,0
238,3,2
238,6,2
238,22,2
238,31,2
238,35,2
238,37,2
238,40,2
238,60,2
238,85,2
238,90,2
776,3,0
776,5,1
776,9,1
776,11,1
776,14,1
776,16,1
776,20,1
776,21,1
776,42,0
776,102,1
582,3,2
582,8,1
582,10,2
582,13,1
582,16,1
582,23,1
582,39,1
582,43,1
582,51,1
582,76,1
340,3,0
340,16,2
340,25,1
340,35,2
340,36,1
340,37,1
340,47,1
340,53,1
340,72,1
340,81,3
707,3,1
707,13,2
707,15,2
707,17,3
707,22,2
707,29,2
707,35,2
707,40,1
707,43,2
707,58,2
480,3,1
480,9,0
480,13,0
480,16,0
480,20,0
480,23,0
480,25,0
480,37,0
480,43,0
480,45,3
760,3,2
760,9,1
760,16,1
760,20,1
760,27,1
760,34,1
760,43,0
760,60,1
760,61,3
760,62,1
29,3,1
29,12,3
29,13,3
29,31,3
29,34,3
29,35,3
29,47,3
29,56,3
29,60,3
29,68,3
251,3,2
251,4,1
251,7,1
251,9,1
251,13,1
251,16,1
251,34,1
251,40,0
251,43,1
251,60,1
189,3,3
189,6,0
189,7,0
189,8,0
189,14,0
189,16,0
189,31,2
189,34,0
189,39,0
189,41,0
789,3,1
789,9,3
789,11,3
789,13,3
789,16,3
789,28,3
789,35,3
789,36,3
789,62,3
789,66,3
621,3,2
621,21,0
621,23,0
621,30,0
621,31,2
621,35,0
621,41,1
621,50,0
621,54,0
621,59,0
76,3,0
76,13,3
76,15,3
76,16,3
76,17,3
76,22,3
76,32,3
76,37,3
76,44,3
76,68,3
706,3,1
706,9,0
706,11,0
706,12,3
706,16,0
706,31,2
706,37,0
706,41,0
706,43,3
706,53,0
249,3,3
249,13,1
249,14,1
249,15,1
249,16,2
249,17,1
249,40,1
249,41,1
249,55,1
249,61,1
659,3,1
659,9,3
659,12,3
659,16,3
659,20,3
659,22,3
659,25,2
659,34,3
659,43,1
659,59,3
98,3,3
98,8,0
98,12,0
98,15,2
98,35,2
98,44,2
98,55,2
98,58,2
98,68,2
98,79,2
111,3,0
111,10,0
111,13,3
111,15,3
111,22,3
111,27,2
111,35,3
111,41,3
111,60,3
111,76,3
281,3,1
281,15,0
281,16,0
281,17,0
281,20,0
281,23,0
281,26,0
281,34,0
281,51,0
281,52,0
772,3,0
772,8,1
772,9,1
772,22,1
772,25,0
772,27,1
772,34,1
772,35,1
772,40,1
772,88,1
767,3,2
767,10,0
767,13,1
767,28,1
767,29,1
767,34,1
767,43,1
767,50,1
767,58,1
767,59,1
656,3,0
656,20,3
656,21,3
656,25,3
656,26,1
656,29,3
656,43,3
656,54,2
656,58,3
656,61,3
176,3,2
176,4,1
176,22,1
176,25,1
176,29,2
176,31,1
176,32,1
176,33,1
176,35,1
176,58,1
320,3,0
320,16,3
320,17,3
320,24,2
320,27,3
320,37,3
320,41,3
320,43,1
320,60,3
320,75,3
467,3,1
467,4,2
467,13,2
467,17,2
467,20,2
467,34,2
467,43,2
467,53,2
467,69,0
467,85,2
55,3,3
55,4,2
55,12,2
55,14,2
55,34,2
55,35,2
55,36,2
55,43,2
55,77,2
55,78,2
622,3,0
622,9,2
622,14,2
622,16,0
622,20,2
622,25,1
622,34,2
622,41,0
622,51,0
622,59,2
606,3,0
606,6,1
606,16,1
606,25,1
606,31,3
606,35,1
606,36,1
606,47,1
606,54,1
606,90,1
72,4,3
72,8,3
72,9,0
72,16,0
72,31,3
72,35,3
72,37,0
72,40,1
72,43,3
72,55,3
245,4,3
245,6,3
245,23,3
245,35,3
245,39,3
245,41,3
245,43,3
245,44,3
245,47,3
245,76,3
261,4,1
261,11,1
261,13,1
261,21,1
261,25,3
261,40,1
261,41,1
261,52,1
261,76,2
261,90,1
186,4,2
186,10,0
186,14,2
186,28,2
186,29,2
186,37,0
186,40,2
186,58,2
186,61,2
186,77,2
583,4,3
583,10,2
583,22,3
583,30,3
583,31,2
583,34,3
583,39,3
583,40,3
583,50,1
583,55,3
194,4,0
194,12,0
194,17,3
194,20,0
194,23,0
194,31,1
194,40,0
194,56,0
194,60,0
194,76,2
620,4,0
620,12,0
620,13,0
620,16,0
620,37,0
620,43,0
620,47,0
620,48,0
620,51,0
620,54,0
52,4,2
52,11,2
52,12,2
52,13,2
52,20,2
52,39,2
52,40,2
52,42,2
52,47,2
52,56,2
599,4,0
599,13,0
599,16,0
599,31,2
599,34,0
599,41,0
599,58,0
599,60,0
599,61,0
599,76,2
35,4,3
35,14,3
35,20,3
35,23,3
35,25,2
35,26,3
35,36,3
35,53,3
35,56,2
35,70,1
624,4,1
624,22,1
624,28,1
624,31,1
624,35,1
624,37,1
624,40,1
624,41,1
624,42,1
624,57,1
422,4,3
422,5,0
422,15,2
422,20,3
422,22,3
422,43,3
422,48,3
422,56,3
422,63,3
422,74,3
439,4,1
439,10,1
439,13,1
439,33,1
439,41,1
439,51,1
439,54,0
439,55,1
439,61,1
439,85,1
570,4,2
570,9,2
570,28,2
570,34,2
570,42,3
570,43,2
570,47,2
570,59,2
570,73,2
570,107,2
375,4,1
375,13,2
375,16,0
375,19,2
375,21,2
375,23,2
375,31,0
375,40,2
375,43,3
375,55,2
26,4,2
26,16,3
26,20,3
26,22,3
26,31,3
26,34,3
26,47,3
26,49,3
26,53,3
26,58,3
207,4,0
207,9,0
207,10,1
207,13,1
207,23,1
207,37,1
207,39,1
207,40,3
207,58,1
207,60,1
286,4,1
286,6,1
286,21,2
286,31,0
286,35,2
286,37,2
286,39,2
286,40,2
286,55,2
286,58,2
600,4,0
600,11,1
600,16,2
600,22,1
600,28,1
600,29,1
600,34,0
600,39,1
600,41,1
600,61,1
462,4,2
462,6,0
462,9,3
462,14,3
462,17,0
462,34,3
462,39,3
462,54,3
462,60,3
462,63,3
468,4,1
468,10,2
468,14,2
468,20,2
468,23,2
468,39,2
468,41,2
468,42,0
468,56,2
468,58,2
466,4,3
466,12,0
466,14,0
466,20,0
466,22,0
466,23,0
466,39,0
466,40,0
466,56,1
466,86,0
613,4,3
613,22,0
613,31,1
613,39,0
613,40,0
613,41,0
613,43,0
613,61,0
613,63,0
613,108,0
92,5,0
92,9,1
92,13,0
92,14,0
92,23,0
92,34,0
92,35,0
92,43,0
92,47,0
92,58,0
200,5,3
200,16,3
200,20,3
200,22,3
200,25,1
200,31,1
200,34,3
200,35,3
200,43,3
200,52,3
551,5,0
551,8,0
551,9,0
551,10,3
551,13,0
551,23,0
551,27,0
551,31,1
551,37,0
551,42,0
726,5,3
726,6,3
726,13,3
726,34,3
726,39,3
726,42,3
726,43,0
726,45,3
726,47,3
726,54,1
535,5,3
535,6,3
535,7,3
535,34,3
535,35,3
535,40,2
535,43,1
535,44,3
535,50,3
535,55,2
780,5,2
780,16,2
780,30,1
780,35,2
780,43,2
780,55,2
780,59,2
780,61,2
780,63,2
780,73,2
260,5,2
260,9,2
260,12,3
260,13,2
260,16,3
260,22,2
260,31,0
260,37,2
260,50,3
260,81,1
69,5,2
69,13,2
69,17,2
69,23,2
69,34,2
69,35,2
69,40,2
69,58,2
69,70,1
69,85,2
504,5,0
504,11,0
504,21,2
504,31,1
504,34,0
504,37,0
504,47,0
504,51,3
504,52,0
504,99,0
255,5,2
255,9,0
255,10,1
255,13,2
255,20,2
255,21,2
255,23,2
255,36,2
255,41,2
255,53,2
177,5,0
177,12,0
177,21,0
177,23,0
177,29,0
177,31,0
177,36,0
177,37,0
177,65,0
177,73,0
500,5,2
500,9,2
500,11,2
500,13,2
500,14,2
500,21,2
500,22,2
500,28,2
500,39,2
500,59,2
291,5,3
291,6,2
291,16,3
291,17,3
291,20,3
291,34,3
291,39,3
291,61,3
291,84,3
291,88,3
598,5,2
598,8,2
598,9,0
598,13,2
598,20,2
598,23,2
598,31,2
598,50,2
598,54,2
598,71,2
694,5,3
694,9,3
694,10,3
694,13,3
694,20,3
694,23,3
694,31,2
694,35,3
694,40,3
694,42,2
112,5,0
112,9,3
112,11,0
112,13,0
112,17,0
112,20,0
112,21,0
112,36,0
112,41,0
112,50,1
182,5,3
182,6,3
182,10,3
182,13,3
182,17,3
182,35,3
182,43,3
182,47,3
182,53,3
182,72,3
39,5,3
39,8,3
39,9,3
39,13,3
39,20,3
39,22,3
39,23,3
39,25,0
39,41,3
39,72,3
376,5,0
376,6,2
376,11,0
376,16,0
376,22,0
376,35,1
376,43,2
376,47,0
376,50,0
376,52,0
280,5,3
280,9,2
280,10,3
280,13,3
280,20,3
280,31,1
280,48,3
280,50,0
280,62,0
280,63,3
557,5,3
557,9,3
557,17,1
557,20,3
557,21,3
557,22,3
557,31,0
557,35,3
557,65,3
557,67,3
204,5,1
204,13,1
204,16,1
204,31,1
204,35,1
204,40,1
204,41,1
204,43,1
204,54,1
204,59,1
800,5,3
800,10,0
800,13,3
800,16,3
800,20,3
800,21,3
800,23,3
800,29,0
800,34,3
800,66,3
564,5,2
564,16,2
564,25,1
564,29,2
564,31,2
564,35,2
564,41,2
564,43,2
564,58,2
564,76,2
671,5,2
671,6,2
671,8,2
671,13,2
671,20,2
671,21,2
671,27,2
671,34,2
671,43,3
671,54,2
573,5,3
573,11,3
573,15,3
573,16,3
573,25,0
573,40,3
573,41,3
573,43,1
573,59,3
573,62,3
784,5,3
784,9,3
784,13,3
784,16,3
784,20,3
784,28,3
784,29,3
784,31,2
784,35,3
784,54,3
37,5,3
37,16,3
37,23,3
37,28,3
37,29,0
37,31,1
37,35,3
37,40,1
37,42,3
37,58,3
122,5,2
122,20,2
122,22,2
122,25,3
122,28,2
122,41,2
122,43,2
122,47,2
122,72,2
122,75,2
47,5,1
47,9,1
47,11,1
47,17,1
47,26,1
47,31,2
47,34,1
47,40,0
47,49,1
47,55,1
585,5,2
585,8,2
585,15,0
585,17,2
585,29,2
585,35,2
585,37,2
585,40,2
585,41,2
585,56,2
757,5,1
757,9,1
757,10,3
757,12,1
757,16,1
757,21,1
757,22,1
757,41,1
757,42,1
757,61,1
687,5,1
687,13,3
687,16,3
687,28,3
687,31,1
687,34,3
687,35,2
687,40,3
687,45,3
687,94,3
798,5,1
798,11,0
798,20,0
798,21,0
798,22,0
798,29,1
798,31,3
798,55,0
798,94,0
798,109,1
447,5,2
447,10,0
447,19,0
447,25,0
447,35,3
447,43,0
447,45,0
447,62,0
447,73,0
447,84,0
336,5,0
336,13,2
336,14,2
336,16,2
336,22,2
336,41,2
336,45,2
336,69,2
336,90,2
336,94,2
440,5,3
440,13,0
440,15,0
440,20,0
440,21,3
440,25,0
440,58,0
440,65,0
440,66,0
440,106,0
187,5,0
187,8,3
187,13,3
187,14,3
187,16,2
187,40,3
187,56,1
187,67,3
187,77,3
187,96,3
56,5,3
56,9,1
56,12,0
56,22,1
56,35,1
56,36,1
56,37,1
56,41,1
56,45,1
56,79,1
262,5,0
262,13,2
262,16,2
262,22,2
262,31,2
262,40,2
262,43,0
262,47,2
262,62,2
262,89,2
727,5,2
727,9,3
727,11,3
727,13,3
727,20,3
727,21,3
727,22,3
727,34,3
727,42,0
727,43,3
243,5,0
243,6,1
243,9,1
243,13,1
243,14,1
243,15,1
243,23,1
243,43,1
243,52,1
243,85,1
134,5,1
134,9,3
134,13,3
134,16,3
134,21,1
134,25,1
134,47,3
134,58,3
134,61,3
134,92,3
596,5,0
596,13,1
596,16,2
596,17,1
596,23,1
596,31,0
596,39,1
596,51,1
596,53,1
596,56,1
516,5,2
516,12,3
516,13,3
516,20,3
516,21,3
516,28,3
516,31,3
516,39,3
516,66,3
516,73,3
558,5,1
558,12,1
558,13,3
558,17,0
558,19,3
558,22,3
558,25,3
558,37,3
558,43,3
558,54,3
131,5,2
131,28,0
131,31,2
131,34,0
131,49,0
131,57,0
131,58,0
131,59,0
131,72,0
131,90,0
438,5,1
438,10,3
438,13,3
438,20,3
438,22,3
438,29,3
438,47,3
438,50,0
438,54,3
438,58,3
775,5,3
775,6,3
775,8,2
775,9,2
775,11,2
775,20,2
775,42,3
775,47,2
775,55,2
775,107,2
543,5,1
543,7,0
543,9,1
543,16,3
543,20,0
543,40,0
543,41,0
543,50,3
543,54,0
543,55,0
373,5,0
373,14,2
373,20,2
373,21,2
373,23,2
373,25,2
373,29,2
373,40,2
373,63,2
373,85,2
495,5,3
495,11,2
495,15,2
495,25,2
495,31,2
495,34,2
495,41,2
495,45,2
495,60,2
495,61,3
488,5,1
488,13,0
488,15,0
488,23,0
488,36,0
488,37,0
488,39,0
488,45,0
488,50,0
488,56,1
640,5,3
640,8,0
640,9,3
640,13,0
640,17,0
640,20,0
640,31,2
640,55,0
640,58,0
640,84,0
247,5,0
247,8,2
247,11,2
247,20,2
247,23,2
247,31,0
247,35,2
247,43,3
247,55,2
247,58,2
225,5,1
225,9,1
225,12,1
225,14,0
225,16,0
225,23,0
225,31,0
225,34,0
225,37,0
225,49,0
649,5,2
649,16,3
649,20,3
649,28,3
649,35,3
649,41,3
649,42,3
649,43,3
649,47,3
649,73,3
734,5,2
734,9,0
734,11,0
734,13,0
734,20,0
734,28,0
734,31,0
734,35,0
734,45,3
734,73,0
794,5,2
794,9,2
794,13,3
794,21,3
794,25,0
794,29,3
794,30,3
794,34,3
794,45,3
794,66,3
521,6,0
521,8,0
521,15,0
521,23,0
521,31,0
521,35,0
521,43,3
521,50,0
521,56,0
521,59,0
494,6,3
494,10,3
494,20,3
494,28,3
494,31,3
494,35,3
494,40,0
494,44,3
494,45,1
494,102,3
689,6,3
689,11,3
689,13,3
689,16,3
689,20,3
689,31,3
689,35,0
689,36,3
689,42,3
689,73,3
378,6,2
378,9,2
378,13,2
378,14,2
378,17,2
378,23,2
378,29,2
378,41,2
378,43,3
378,50,2
431,6,3
431,7,3
431,26,3
431,27,3
431,35,3
431,43,3
431,56,3
431,65,3
431,70,3
431,77,3
608,6,1
608,9,2
608,10,1
608,13,1
608,15,1
608,31,1
608,35,1
608,40,0
608,43,3
608,63,1
117,6,2
117,9,2
117,12,2
117,13,2
117,17,0
117,28,2
117,40,2
117,47,2
117,49,3
117,63,2
547,6,3
547,12,3
547,13,3
547,16,3
547,20,3
547,29,3
547,31,0
547,35,1
547,44,3
547,58,3
683,6,2
683,11,2
683,21,2
683,25,1
683,31,0
683,34,2
683,35,2
683,45,2
683,54,2
683,69,2
421,6,3
421,12,1
421,15,3
421,22,3
421,25,2
421,34,3
421,41,3
421,42,0
421,43,3
421,71,3
698,6,0
698,10,0
698,13,0
698,25,3
698,28,0
698,31,1
698,42,0
698,43,0
698,51,0
698,59,0
736,6,2
736,9,0
736,13,2
736,16,2
736,31,2
736,34,2
736,35,3
736,36,2
736,53,0
736,66,2
294,6,2
294,9,2
294,14,2
294,15,2
294,16,1
294,20,2
294,28,2
294,45,1
294,49,2
294,52,2
601,6,1
601,9,3
601,20,1
601,21,1
601,22,1
601,37,1
601,39,1
601,47,1
601,53,1
601,84,1
14,6,1
14,9,1
14,12,0
14,16,1
14,35,1
14,36,1
14,44,1
14,56,1
14,57,1
14,58,1
785,6,0
785,11,0
785,12,0
785,19,0
785,20,0
785,21,0
785,22,0
785,29,0
785,35,0
785,45,0
389,6,2
389,7,2
389,9,2
389,10,2
389,16,2
389,20,2
389,21,2
389,28,2
389,34,2
389,40,2
114,6,3
114,12,2
114,13,2
114,14,2
114,20,2
114,22,2
114,23,2
114,25,3
114,36,2
114,47,2
565,6,3
565,9,2
565,13,2
565,16,2
565,28,2
565,31,2
565,34,2
565,35,2
565,40,0
565,50,2
758,6,1
758,9,3
758,16,3
758,25,2
758,30,3
758,31,3
758,34,3
758,41,3
758,58,3
758,61,3
254,6,2
254,10,3
254,24,3
254,31,0
254,34,3
254,36,3
254,40,1
254,45,0
254,47,3
254,71,3
697,6,3
697,14,2
697,15,1
697,21,2
697,23,2
697,25,3
697,31,1
697,58,2
697,73,2
697,94,2
806,6,0
806,9,3
806,20,3
806,29,3
806,34,3
806,35,3
806,43,0
806,62,3
806,72,3
806,73,3
743,6,1
743,20,3
743,22,3
743,31,0
743,35,0
743,43,0
743,51,2
743,58,3
743,72,3
743,73,3
379,6,3
379,12,2
379,20,2
379,21,0
379,28,2
379,35,2
379,43,2
379,89,2
379,90,0
379,99,2
587,6,0
587,9,1
587,13,1
587,35,1
587,37,1
587,41,1
587,42,1
587,43,1
587,58,1
587,79,1
299,6,1
299,9,0
299,23,0
299,31,0
299,34,0
299,35,0
299,36,0
299,42,3
299,47,0
299,58,0
104,6,1
104,10,0
104,14,2
104,20,2
104,22,2
104,25,2
104,42,0
104,56,0
104,66,2
104,72,2
392,7,1
392,19,3
392,24,3
392,25,3
392,34,1
392,40,1
392,47,1
392,54,1
392,72,1
392,91,2
665,7,1
665,13,1
665,20,1
665,22,1
665,34,3
665,40,1
665,51,2
665,53,0
665,66,1
665,73,0
491,7,3
491,9,3
491,11,3
491,14,3
491,15,3
491,22,3
491,31,3
491,43,2
491,60,3
491,61,3
253,7,2
253,13,2
253,22,2
253,41,2
253,48,2
253,55,2
253,65,2
253,71,2
253,75,2
253,77,2
720,7,1
720,9,0
720,13,1
720,14,1
720,20,1
720,31,2
720,35,1
720,43,3
720,54,1
720,73,1
405,7,2
405,9,3
405,13,2
405,16,3
405,23,2
405,35,2
405,40,2
405,41,2
405,43,2
405,58,2
584,7,3
584,12,1
584,16,1
584,20,3
584,22,3
584,40,3
584,41,3
584,43,3
584,61,3
584,77,3
248,7,2
248,13,2
248,19,2
248,29,2
248,31,2
248,35,2
248,40,1
248,43,2
248,47,2
248,94,2
607,7,0
607,8,3
607,9,0
607,12,0
607,17,0
607,20,0
607,25,3
607,41,0
607,54,1
607,55,0
732,7,3
732,13,3
732,16,3
732,29,2
732,31,3
732,35,2
732,41,3
732,43,3
732,53,3
732,60,3
215,7,0
215,12,0
215,13,0
215,18,0
215,23,0
215,31,0
215,37,0
215,43,0
215,51,0
215,61,0
228,7,2
228,13,2
228,19,2
228,22,2
228,23,2
228,25,0
228,28,2
228,37,2
228,40,0
228,55,2
181,8,3
181,9,3
181,10,1
181,15,3
181,16,3
181,23,3
181,31,3
181,53,3
181,80,2
181,81,3
517,8,3
517,12,1
517,16,1
517,17,0
517,20,3
517,26,3
517,27,3
517,35,3
517,43,3
517,70,3
483,8,3
483,13,3
483,15,3
483,16,3
483,23,3
483,31,2
483,35,3
483,39,3
483,43,1
483,57,3
244,8,1
244,12,1
244,17,1
244,31,1
244,47,1
244,53,1
244,56,2
244,62,1
244,69,1
244,86,1
446,8,3
446,9,3
446,13,3
446,20,3
446,21,3
446,23,3
446,34,3
446,43,1
446,55,3
446,56,2
711,8,1
711,21,1
711,22,1
711,23,1
711,28,1
711,47,1
711,50,3
711,51,1
711,66,0
711,72,1
129,8,2
129,9,2
129,12,0
129,13,2
129,16,2
129,23,2
129,31,2
129,34,2
129,35,0
129,47,2
437,8,3
437,9,3
437,13,3
437,16,3
437,20,3
437,30,1
437,31,3
437,32,3
437,43,3
437,53,3
763,8,1
763,10,3
763,16,1
763,20,1
763,27,3
763,31,1
763,35,1
763,47,1
763,63,1
763,66,1
278,8,2
278,9,2
278,16,3
278,20,2
278,25,2
278,34,2
278,37,2
278,43,2
278,49,1
278,51,2
67,8,2
67,9,2
67,11,2
67,13,2
67,22,2
67,36,2
67,43,2
67,55,2
67,62,2
67,73,2
473,8,1
473,13,1
473,20,1
473,22,1
473,36,1
473,37,1
473,40,1
473,43,2
473,55,1
473,59,1
588,8,1
588,20,0
588,21,1
588,23,1
588,24,3
588,25,1
588,28,1
588,35,1
588,43,1
588,61,1
140,8,0
140,10,0
140,11,0
140,13,0
140,28,0
140,31,0
140,34,0
140,37,0
140,41,0
140,53,0
319,8,2
319,14,2
319,16,2
319,20,2
319,34,2
319,35,2
319,40,2
319,41,2
319,43,2
319,51,2
172,8,2
172,13,2
172,14,2
172,22,2
172,31,2
172,35,2
172,37,2
172,39,2
172,56,2
172,76,3
59,8,1
59,10,1
59,11,1
59,23,1
59,25,0
59,26,3
59,41,1
59,50,2
59,51,1
59,53,1
616,8,0
616,13,0
616,15,0
616,16,0
616,20,0
616,28,0
616,37,0
616,47,0
616,53,1
616,66,0
314,8,0
314,9,0
314,11,0
314,16,0
314,19,0
314,28,0
314,31,3
314,37,0
314,54,3
314,55,0
578,8,0
578,15,3
578,23,3
578,28,3
578,30,3
578,31,3
578,35,3
578,42,1
578,43,3
578,56,3
576,8,1
576,9,0
576,10,0
576,23,0
576,34,0
576,37,0
576,41,0
576,56,0
576,65,0
576,76,0
132,8,3
132,17,3
132,22,1
132,28,1
132,35,1
132,36,1
132,52,1
132,55,1
132,57,1
132,62,2
160,8,0
160,13,1
160,16,1
160,21,1
160,31,1
160,41,1
160,42,1
160,49,0
160,58,1
160,66,1
50,8,3
50,9,1
50,23,1
50,27,2
50,31,2
50,35,1
50,37,1
50,43,3
50,50,1
50,67,1
219,9,1
219,12,1
219,13,1
219,16,2
219,21,3
219,31,1
219,40,1
219,44,1
219,56,1
219,61,1
731,9,3
731,10,3
731,12,3
731,16,3
731,21,3
731,25,3
731,31,1
731,34,3
731,35,3
731,54,3
567,9,1
567,13,1
567,20,1
567,21,1
567,34,1
567,39,1
567,55,1
567,56,1
567,58,1
567,60,1
548,9,2
548,13,2
548,21,2
548,25,2
548,27,2
548,28,2
548,35,2
548,47,2
548,53,1
548,63,2
205,9,0
205,12,1
205,14,0
205,19,0
205,34,0
205,35,0
205,43,3
205,49,0
205,53,0
205,66,0
634,9,0
634,16,0
634,17,3
634,23,0
634,28,0
634,30,0
634,43,2
634,58,0
634,63,0
634,66,0
801,9,2
801,16,2
801,20,2
801,25,2
801,28,2
801,30,2
801,31,2
801,45,1
801,63,2
801,66,2
469,9,1
469,12,1
469,13,1
469,14,1
469,21,1
469,29,1
469,39,1
469,47,1
469,53,2
469,63,1
633,9,3
633,10,1
633,13,3
633,20,3
633,22,3
633,35,3
633,39,3
633,45,1
633,57,3
633,98,3
44,9,2
44,14,2
44,20,2
44,21,2
44,22,2
44,34,2
44,35,2
44,37,2
44,43,2
44,66,2
762,9,3
762,16,3
762,20,1
762,25,3
762,28,3
762,29,3
762,31,3
762,35,1
762,43,3
762,66,3
754,9,0
754,19,0
754,27,0
754,29,2
754,31,3
754,34,0
754,43,1
754,47,0
754,61,0
754,94,0
700,9,2
700,13,2
700,16,2
700,21,2
700,28,2
700,35,3
700,40,2
700,41,2
700,42,2
700,66,2
424,9,1
424,10,1
424,11,1
424,14,1
424,16,1
424,20,1
424,21,1
424,27,1
424,35,1
424,50,1
43,9,3
43,20,3
43,25,2
43,31,1
43,34,3
43,43,3
43,47,2
43,48,3
43,49,3
43,56,3
7,9,0
7,11,0
7,13,0
7,21,0
7,34,0
7,35,0
7,40,0
7,41,0
7,42,1
7,43,0
108,9,0
108,12,2
108,13,0
108,17,0
108,20,0
108,25,0
108,36,0
108,40,2
108,42,2
108,53,0
592,9,2
592,12,2
592,15,2
592,16,2
592,20,2
592,31,3
592,43,2
592,50,3
592,56,2
592,58,2
569,9,2
569,10,2
569,20,2
569,22,2
569,34,2
569,35,1
569,43,0
569,55,2
569,60,2
569,65,2
120,9,0
120,10,2
120,25,1
120,28,0
120,29,0
120,31,0
120,35,0
120,45,3
120,47,0
120,63,0
545,9,1
545,22,1
545,34,1
545,40,1
545,41,1
545,42,3
545,45,2
545,53,1
545,58,1
545,69,1
315,9,0
315,13,0
315,15,0
315,25,1
315,28,0
315,31,0
315,34,0
315,35,0
315,61,0
315,84,0
768,9,2
768,13,2
768,16,2
768,20,2
768,21,2
768,34,2
768,43,0
768,50,2
768,59,2
768,84,2
648,9,2
648,12,0
648,13,2
648,17,2
648,22,2
648,31,2
648,34,1
648,35,0
648,40,2
648,51,2
612,9,0
612,13,0
612,21,0
612,40,0
612,44,0
612,45,0
612,52,0
612,56,0
612,67,0
612,73,3
520,9,0
520,16,0
520,21,0
520,26,0
520,31,0
520,34,0
520,35,0
520,41,0
520,43,0
520,73,0
386,9,2
386,11,2
386,12,2
386,15,2
386,24,2
386,29,2
386,39,2
386,43,3
386,50,0
386,60,2
22,9,3
22,11,3
22,13,3
22,17,3
22,21,3
22,22,3
22,23,3
22,35,3
22,55,3
22,56,3
420,9,1
420,10,1
420,13,1
420,17,0
420,20,1
420,34,1
420,37,1
420,50,1
420,63,1
420,70,1
641,9,2
641,10,2
641,21,2
641,23,2
641,28,2
641,34,2
641,40,2
641,42,2
641,43,2
641,47,2
686,9,0
686,13,0
686,23,0
686,28,0
686,35,3
686,40,3
686,41,0
686,43,0
686,55,0
686,63,0
752,9,0
752,16,0
752,19,0
752,28,0
752,31,0
752,34,0
752,35,0
752,41,0
752,42,2
752,43,0
643,9,1
643,12,1
643,15,1
643,16,1
643,25,1
643,31,1
643,35,3
643,44,1
643,58,1
643,88,1
157,9,1
157,13,1
157,22,1
157,35,1
157,50,1
157,60,1
157,61,1
157,63,1
157,65,1
157,90,1
637,9,1
637,19,1
637,23,1
637,28,1
637,31,0
637,41,1
637,42,1
637,43,1
637,53,1
637,55,3
271,9,3
271,11,3
271,16,3
271,17,2
271,20,3
271,41,3
271,43,3
271,47,3
271,54,3
271,70,1
478,9,3
478,15,3
478,26,1
478,27,3
478,28,3
478,34,3
478,42,2
478,43,3
478,47,3
478,58,3
295,9,0
295,14,0
295,16,0
295,22,0
295,28,0
295,35,0
295,53,0
295,56,0
295,58,0
295,61,0
429,9,2
429,10,2
429,11,2
429,13,2
429,20,2
429,22,2
429,23,2
429,25,2
429,28,2
429,43,2
774,9,0
774,20,0
774,21,0
774,28,0
774,29,3
774,34,0
774,35,3
774,42,1
774,50,0
774,59,0
119,9,0
119,12,0
119,16,1
119,31,1
119,32,0
119,34,0
119,35,0
119,37,0
119,39,0
119,67,3
796,9,3
796,10,3
796,12,3
796,16,0
796,20,3
796,28,3
796,34,3
796,55,3
796,61,3
796,102,0
744,9,2
744,13,2
744,20,2
744,29,2
744,31,0
744,34,2
744,35,2
744,39,2
744,43,1
744,54,2
672,9,1
672,10,1
672,16,1
672,20,1
672,23,1
672,47,1
672,51,1
672,56,0
672,61,1
672,62,1
779,9,1
779,13,1
779,20,1
779,25,1
779,40,1
779,43,1
779,66,1
779,73,1
779,84,1
779,94,1
105,9,1
105,11,1
105,20,1
105,22,1
105,29,0
105,31,0
105,34,1
105,53,1
105,56,1
105,58,1
199,9,3
199,16,3
199,19,1
199,25,1
199,35,0
199,37,3
199,41,3
199,54,2
199,55,3
199,58,3
279,9,1
279,13,1
279,17,1
279,20,1
279,28,1
279,34,1
279,43,0
279,50,1
279,53,1
279,56,1
20,9,1
20,11,1
20,13,1
20,15,1
20,16,1
20,23,1
20,36,1
20,47,1
20,55,1
20,61,1
658,9,3
658,13,3
658,20,3
658,21,3
658,22,3
658,28,3
658,29,0
658,37,3
658,40,3
658,43,0
733,9,0
733,13,0
733,28,0
733,29,3
733,30,0
733,31,3
733,40,0
733,45,0
733,54,0
733,59,0
712,9,3
712,14,3
712,16,3
712,19,3
712,22,3
712,28,3
712,34,2
712,35,3
712,45,3
712,66,3
391,9,3
391,10,3
391,12,3
391,17,3
391,20,3
391,35,3
391,41,3
391,42,3
391,61,3
391,103,3
792,9,3
792,13,3
792,14,3
792,20,3
792,25,2
792,42,3
792,45,2
792,47,3
792,55,0
792,61,3
266,9,1
266,15,1
266,20,1
266,22,1
266,29,1
266,35,2
266,37,1
266,43,1
266,55,1
266,61,1
676,9,2
676,16,2
676,20,2
676,30,2
676,31,3
676,34,2
676,35,2
676,39,2
676,40,2
676,43,2
586,9,0
586,12,0
586,18,0
586,22,0
586,23,0
586,25,2
586,29,3
586,35,0
586,40,1
586,58,0
9,9,0
9,16,0
9,27,0
9,34,0
9,35,0
9,48,0
9,49,0
9,50,0
9,51,0
9,52,0
514,9,2
514,13,2
514,34,2
514,35,2
514,43,3
514,47,2
514,57,2
514,71,2
514,76,2
514,89,3
688,9,0
688,13,3
688,16,2
688,28,3
688,31,1
688,54,3
688,55,0
688,58,3
688,61,3
688,62,3
130,9,3
130,13,1
130,16,1
130,17,1
130,22,1
130,31,1
130,36,1
130,39,1
130,42,3
130,55,1
631,9,1
631,11,2
631,13,2
631,16,2
631,22,2
631,27,1
631,34,2
631,35,2
631,45,2
631,59,2
166,9,3
166,13,2
166,15,2
166,21,2
166,25,3
166,28,2
166,39,2
166,41,2
166,53,3
166,62,2
326,9,1
326,13,2
326,16,0
326,18,2
326,25,2
326,28,2
326,35,2
326,39,2
326,43,2
326,53,2
159,9,3
159,16,1
159,19,1
159,20,1
159,22,1
159,23,1
159,25,3
159,31,3
159,42,3
159,65,1
542,9,1
542,16,2
542,19,3
542,22,2
542,28,2
542,35,2
542,37,2
542,51,2
542,54,3
542,61,2
666,9,2
666,20,0
666,22,0
666,31,0
666,41,0
666,43,0
666,47,0
666,53,2
666,55,0
666,59,0
499,9,0
499,11,3
499,13,3
499,17,3
499,20,3
499,23,3
499,29,3
499,35,3
499,39,3
499,50,1
329,9,1
329,10,3
329,19,3
329,22,3
329,23,3
329,24,3
329,31,0
329,34,3
329,42,1
329,60,3
673,9,3
673,13,0
673,27,0
673,29,0
673,31,3
673,34,1
673,35,0
673,47,0
673,55,3
673,58,0
32,9,0
32,11,1
32,15,1
32,25,1
32,27,2
32,31,2
32,34,1
32,35,3
32,43,2
32,69,1
390,9,2
390,20,3
390,25,2
390,34,3
390,35,3
390,39,3
390,41,3
390,43,3
390,47,3
390,53,3
786,9,1
786,13,0
786,16,0
786,20,0
786,22,0
786,31,3
786,34,1
786,35,0
786,58,0
786,63,0
302,9,3
302,10,1
302,12,3
302,13,0
302,23,0
302,32,0
302,34,0
302,42,1
302,58,0
302,71,3
150,9,0
150,13,3
150,16,3
150,19,3
150,34,3
150,35,2
150,41,3
150,49,3
150,51,3
150,63,3
58,9,2
58,13,3
58,20,3
58,22,3
58,25,3
58,28,3
58,36,3
58,37,3
58,56,3
58,66,3
719,9,1
719,20,0
719,25,1
719,28,0
719,29,2
719,31,0
719,43,0
719,54,3
719,60,0
719,88,0
163,9,2
163,15,3
163,21,3
163,22,3
163,35,3
163,37,3
163,40,2
163,41,3
163,54,3
163,77,3
474,9,1
474,12,0
474,16,0
474,28,0
474,34,0
474,35,0
474,37,0
474,42,2
474,47,0
474,50,0
230,9,0
230,10,1
230,16,3
230,21,0
230,31,1
230,35,1
230,42,3
230,43,1
230,60,1
230,97,1
121,10,0
121,13,0
121,14,0
121,34,0
121,36,0
121,37,0
121,40,1
121,42,3
121,47,0
121,72,0
766,10,0
766,13,0
766,16,0
766,20,0
766,25,3
766,28,0
766,34,0
766,43,0
766,50,0
766,73,0
549,10,2
549,13,2
549,22,2
549,23,2
549,31,2
549,35,0
549,37,2
549,41,2
549,43,0
549,58,2
70,10,2
70,17,1
70,20,2
70,22,2
70,25,1
70,28,2
70,31,2
70,55,2
70,58,2
70,66,2
94,10,3
94,13,3
94,15,3
94,23,3
94,31,0
94,35,3
94,45,3
94,51,3
94,57,3
94,77,3
224,10,0
224,13,0
224,15,0
224,17,0
224,20,0
224,28,0
224,34,0
224,36,0
224,37,0
224,65,0
575,10,3
575,12,1
575,16,1
575,20,3
575,23,3
575,35,3
575,37,3
575,40,3
575,44,3
575,56,0
409,10,1
409,15,1
409,16,1
409,17,2
409,34,1
409,35,1
409,39,1
409,43,1
409,47,1
409,56,1
471,10,1
471,22,1
471,28,1
471,36,1
471,41,1
471,43,0
471,53,1
471,55,1
471,58,1
471,60,1
333,10,0
333,13,0
333,16,0
333,22,0
333,35,2
333,37,0
333,41,0
333,42,0
333,45,0
333,63,0
40,10,2
40,13,2
40,17,2
40,19,2
40,23,2
40,27,2
40,29,2
40,37,2
40,41,2
40,73,2
93,10,2
93,12,2
93,20,2
93,34,2
93,39,2
93,47,2
93,53,2
93,56,2
93,61,2
93,77,2
777,10,3
777,16,3
777,20,3
777,21,3
777,22,3
777,25,2
777,29,3
777,35,1
777,40,2
777,88,3
348,10,2
348,13,2
348,14,2
348,19,2
348,20,2
348,23,2
348,31,2
348,40,2
348,47,2
348,53,1
233,10,1
233,13,1
233,20,1
233,28,1
233,35,1
233,37,1
233,43,1
233,50,1
233,61,1
233,77,1
17,10,0
17,13,3
17,17,3
17,21,3
17,22,3
17,39,3
17,40,3
17,43,2
17,45,1
17,58,3
153,10,3
153,11,2
153,15,2
153,21,2
153,27,2
153,34,2
153,40,2
153,41,2
153,51,2
153,63,2
267,10,3
267,13,2
267,31,2
267,35,2
267,37,2
267,39,2
267,42,2
267,43,2
267,48,3
267,100,2
178,10,0
178,11,3
178,12,3
178,16,3
178,18,3
178,23,3
178,28,3
178,35,2
178,37,3
178,94,3
728,10,2
728,16,0
728,20,0
728,30,3
728,47,0
728,54,0
728,55,0
728,58,0
728,69,0
728,73,0
703,10,1
703,13,0
703,20,0
703,21,0
703,25,0
703,28,0
703,30,0
703,31,1
703,34,0
703,41,0
791,10,1
791,16,3
791,20,3
791,22,3
791,23,3
791,30,2
791,31,1
791,35,3
791,43,3
791,59,3
713,10,0
713,13,3
713,25,3
713,28,3
713,29,3
713,34,3
713,35,3
713,41,3
713,45,3
713,73,3
485,11,2
485,14,2
485,19,2
485,22,2
485,31,3
485,35,2
485,50,0
485,53,2
485,58,2
485,65,2
77,11,3
77,13,3
77,16,3
77,23,3
77,28,3
77,34,3
77,47,3
77,50,0
77,52,3
77,63,3
805,11,2
805,14,2
805,16,2
805,20,1
805,22,2
805,25,2
805,31,2
805,41,2
805,62,2
805,88,2
16,11,0
16,25,1
16,31,1
16,34,0
16,47,0
16,50,0
16,56,0
16,60,0
16,61,0
16,62,0
463,11,1
463,23,1
463,31,3
463,35,1
463,40,2
463,41,1
463,43,1
463,54,3
463,55,3
463,61,1
434,11,1
434,22,1
434,25,1
434,30,1
434,31,3
434,34,1
434,35,3
434,47,1
434,52,1
434,77,1
360,11,0
360,16,0
360,18,0
360,25,0
360,31,2
360,35,0
360,47,0
360,53,0
360,56,0
360,61,0
408,11,1
408,13,1
408,35,1
408,36,1
408,37,1
408,43,1
408,53,1
408,55,1
408,56,1
408,79,3
265,11,3
265,12,3
265,31,1
265,35,1
265,37,3
265,40,0
265,43,2
265,47,3
265,51,3
265,70,3
79,11,2
79,16,2
79,20,2
79,22,2
79,23,2
79,28,2
79,44,2
79,56,2
79,60,2
79,70,2
350,11,1
350,13,1
350,14,1
350,16,1
350,19,1
350,25,3
350,27,3
350,35,0
350,51,1
350,59,1
725,12,2
725,13,2
725,28,2
725,29,0
725,34,2
725,35,2
725,41,2
725,43,2
725,47,2
725,73,2
750,12,1
750,20,1
750,22,1
750,27,3
750,31,1
750,35,1
750,50,0
750,58,1
750,62,1
750,107,1
305,12,1
305,15,1
305,16,3
305,21,1
305,24,1
305,31,2
305,34,1
305,35,1
305,54,1
305,76,1
277,12,2
277,15,2
277,16,2
277,23,2
277,31,2
277,34,2
277,40,2
277,41,2
277,45,2
277,53,2
399,12,0
399,20,0
399,23,0
399,27,0
399,34,0
399,39,0
399,50,0
399,58,0
399,61,0
399,72,0
729,12,1
729,20,1
729,25,0
729,28,1
729,40,1
729,42,1
729,43,3
729,54,1
729,58,1
729,61,1
531,12,3
531,19,3
531,20,3
531,23,3
531,27,3
531,29,3
531,41,3
531,45,3
531,47,3
531,76,2
36,12,3
36,16,0
36,25,2
36,28,3
36,37,3
36,39,3
36,47,3
36,51,3
36,70,3
36,71,0
522,12,2
522,14,2
522,23,2
522,26,2
522,27,2
522,29,0
522,35,2
522,43,2
522,52,2
522,66,1
86,12,0
86,16,0
86,20,0
86,25,0
86,26,3
86,27,0
86,34,0
86,58,0
86,63,0
86,73,0
149,12,3
149,20,3
149,23,3
149,34,3
149,35,3
149,40,3
149,43,2
149,51,3
149,53,3
149,55,3
184,12,3
184,13,3
184,17,3
184,35,3
184,36,3
184,40,1
184,53,3
184,62,3
184,74,1
184,90,0
236,12,0
236,21,0
236,24,1
236,25,0
236,27,0
236,35,0
236,39,0
236,43,3
236,55,0
236,63,0
196,12,3
196,16,3
196,17,3
196,21,3
196,23,3
196,34,3
196,36,3
196,42,0
196,53,3
196,60,3
443,12,0
443,13,0
443,16,0
443,24,0
443,31,1
443,39,0
443,40,2
443,47,0
443,55,0
443,56,0
510,12,3
510,15,3
510,16,3
510,24,3
510,31,0
510,36,3
510,41,3
510,44,3
510,70,3
510,95,3
680,12,0
680,19,3
680,31,2
680,35,3
680,36,3
680,40,1
680,53,3
680,61,0
680,88,3
680,102,3
396,12,2
396,16,0
396,17,0
396,25,0
396,34,0
396,41,0
396,42,2
396,58,0
396,63,0
396,73,3
693,12,1
693,13,0
693,14,0
693,16,0
693,21,0
693,22,0
693,27,0
693,31,2
693,43,1
693,58,0
362,12,2
362,13,1
362,14,1
362,20,1
362,39,1
362,40,2
362,43,3
362,45,1
362,51,1
362,58,1
740,13,1
740,16,0
740,20,1
740,21,1
740,22,1
740,31,3
740,34,1
740,35,0
740,40,3
740,42,0
198,13,2
198,20,2
198,25,2
198,28,2
198,30,3
198,37,2
198,43,3
198,53,2
198,54,0
198,94,2
414,13,3
414,17,3
414,21,3
414,23,3
414,28,3
414,40,3
414,43,3
414,47,3
414,56,3
414,85,3
778,13,1
778,14,1
778,20,1
778,30,1
778,34,1
778,35,1
778,43,1
778,54,1
778,55,1
778,73,0
274,13,2
274,16,3
274,17,3
274,20,2
274,22,2
274,23,2
274,28,2
274,40,2
274,42,0
274,61,2
410,13,0
410,16,0
410,31,2
410,34,0
410,35,0
410,41,0
410,43,3
410,53,0
410,56,0
410,90,0
89,13,0
89,16,0
89,22,0
89,31,3
89,34,0
89,35,0
89,48,0
89,58,0
89,59,0
89,61,0
68,13,0
68,19,0
68,20,0
68,26,0
68,27,0
68,31,2
68,36,0
68,39,0
68,41,0
68,55,0
519,13,2
519,16,2
519,23,2
519,29,2
519,31,0
519,35,1
519,43,2
519,55,2
519,58,2
519,76,3
664,13,2
664,20,2
664,21,1
664,25,0
664,31,3
664,37,2
664,40,2
664,43,2
664,65,2
664,69,2
660,13,2
660,17,2
660,20,2
660,22,2
660,30,2
660,31,1
660,35,2
660,43,2
660,54,0
660,62,2
475,13,0
475,21,0
475,23,0
475,34,0
475,39,0
475,40,0
475,41,0
475,51,0
475,63,0
475,90,2
404,13,3
404,20,3
404,22,3
404,28,3
404,35,3
404,54,3
404,56,3
404,74,3
404,76,0
404,90,3
717,13,3
717,14,3
717,16,3
717,20,3
717,22,3
717,42,0
717,43,3
717,53,0
717,54,3
717,55,2
61,13,3
61,19,3
61,23,3
61,35,3
61,40,3
61,43,2
61,51,3
61,62,3
61,63,3
61,82,3
103,13,1
103,16,3
103,21,1
103,25,1
103,31,1
103,40,1
103,49,1
103,55,1
103,61,1
103,62,1
657,13,3
657,16,1
657,17,3
657,20,3
657,22,3
657,29,3
657,40,3
657,43,3
657,53,2
657,107,3
788,13,2
788,16,0
788,20,2
788,28,2
788,30,2
788,31,1
788,40,0
788,43,3
788,45,2
788,55,2
667,13,0
667,28,0
667,29,1
667,31,2
667,36,0
667,40,1
667,42,1
667,45,0
667,59,0
667,102,0
53,13,1
53,16,1
53,17,1
53,29,1
53,35,1
53,37,1
53,47,1
53,50,2
53,56,1
53,61,1
457,13,3
457,16,3
457,37,3
457,39,3
457,40,3
457,45,0
457,53,0
457,54,1
457,69,3
457,77,3
24,13,1
24,23,1
24,25,1
24,37,1
24,47,1
24,49,1
24,53,1
24,54,1
24,62,1
24,65,1
597,13,2
597,16,2
597,21,0
597,22,2
597,27,2
597,31,3
597,43,1
597,53,2
597,63,2
597,77,2
484,14,3
484,16,0
484,19,3
484,20,3
484,26,0
484,28,3
484,34,3
484,35,3
484,55,3
484,88,3
759,14,1
759,21,1
759,31,1
759,34,1
759,35,0
759,43,3
759,45,1
759,58,1
759,60,1
759,66,1
385,14,2
385,15,2
385,16,2
385,17,2
385,21,2
385,36,2
385,37,2
385,41,2
385,56,2
385,78,3
321,14,0
321,16,0
321,29,2
321,30,3
321,31,3
321,34,0
321,35,2
321,40,0
321,50,0
321,76,2
642,15,0
642,16,0
642,27,0
642,30,0
642,34,0
642,35,1
642,42,3
642,54,3
642,58,0
642,72,0
417,16,0
417,20,0
417,26,0
417,28,0
417,31,0
417,34,0
417,35,0
417,40,0
417,43,0
417,55,2
508,16,2
508,22,2
508,25,3
508,34,2
508,35,0
508,40,2
508,43,2
508,53,2
508,58,2
508,95,2
214,16,1
214,17,1
214,20,1
214,21,1
214,27,2
214,28,1
214,29,0
214,34,1
214,39,1
214,47,1
503,16,3
503,17,3
503,19,3
503,35,3
503,37,3
503,39,3
503,56,3
503,63,3
503,89,1
503,97,3
626,16,3
626,21,3
626,22,3
626,23,3
626,29,2
626,30,3
626,31,0
626,34,0
626,43,3
626,58,3
589,16,1
589,21,3
589,31,1
589,32,1
589,34,1
589,35,1
589,39,1
589,41,1
589,50,3
589,55,1
764,16,0
764,21,2
764,22,2
764,28,2
764,34,2
764,35,1
764,41,2
764,42,2
764,43,0
764,61,2
258,19,3
258,20,3
258,23,3
258,25,2
258,32,3
258,34,3
258,35,1
258,47,3
258,51,3
258,55,3
802,19,1
802,20,1
802,21,2
802,22,1
802,25,3
802,29,2
802,30,1
802,39,2
802,41,1
802,50,1
264,19,1
264,21,1
264,28,1
264,39,1
264,40,1
264,52,1
264,53,0
264,67,3
264,90,1
264,99,3
661,19,1
661,25,2
661,28,1
661,39,1
661,45,1
661,50,2
661,53,1
661,59,1
661,65,1
661,73,1
154,20,0
154,21,2
154,22,0
154,34,0
154,43,3
154,53,0
154,55,0
154,56,0
154,61,0
154,90,0
559,20,1
559,22,1
559,25,0
559,27,3
559,41,1
559,50,3
559,65,1
559,69,1
559,73,1
559,76,1
490,20,2
490,21,2
490,22,2
490,31,2
490,35,2
490,39,2
490,41,2
490,43,2
490,53,2
490,58,2
357,20,0
357,24,0
357,25,3
357,31,0
357,40,0
357,52,0
357,53,0
357,62,0
357,78,1
357,90,0
74,20,1
74,22,1
74,25,0
74,29,2
74,31,1
74,35,2
74,37,2
74,39,1
74,44,1
74,86,0
4,20,0
4,23,0
4,24,0
4,25,1
4,26,0
4,27,0
4,28,0
4,29,0
4,30,3
4,31,2
284,25,3
284,31,0
284,39,1
284,42,3
284,47,1
284,51,3
284,52,1
284,56,2
284,60,1
284,67,1
195,30,3
195,35,3
195,36,3
195,42,1
195,43,3
195,47,3
195,54,3
195,55,2
195,58,3
195,94,3
