uid,topic_item,rankings
0,11,"[  15  420  954  411  903   45  172   84  738  175  192  218 1046 1109
  466  106  462    5  632  731  695  301  470 1007  413]"
0,15,"[1163  363  156 1095  350  675  564 1149 1153  278 1148 1099  314  835
  262  334  852 1094  837  646 1162 1098 1151 1150 1183]"
0,24,"[ 457  464    3  315 1107  658  566  126  293  133  789  885  124  419
  557  814  107  275  196  608 1167 1197 1147  186  217]"
0,26,"[ 336  592  153  315  511  727 1014  714  879  217  176  756 1115  107
  293  467  126  124  813  419  853  210  186  275  464]"
0,28,"[ 545  246 1135  369  163 1041  237  345  724  820  833 1144  453 1018
  207  135  465  160  769  139  319  367  476  261  765]"
0,34,"[ 718  888  208  782  780  357  433 1036  353  719  947 1019   28 1026
  137 1089  805  722 1121  729 1122 1062  446  839  717]"
0,37,"[ 280 1196  938  535  643  841  940 1166  491  509 1091  963 1096  630
   89   76  609 1164 1194 1171 1176  993 1113  798  427]"
0,42,"[1188  182   75   29   30   56 1186  368  102  693  362  520 1087  191
  451  636  915 1054  387  819  306  145  456  986 1042]"
0,46,"[  73 1116  844  234  908  961  600  461  272 1136  773  231 1011 1030
 1131  599   93  810  151 1047  682  554  544   38  256]"
0,51,"[ 352 1038  967   35 1039  224 1056  230  347  989 1050  332   98  281
  400  966 1145  167  628 1002  328    0 1160  449  589]"
0,55,"[ 780 1062  941  889  839  719  201 1122  446 1089  782  114  450 1092
  720 1019  721  357 1121  805 1172  729  654 1036  717]"
0,58,"[ 407  753  194  930   19 1198 1199  661  546 1074  316 1106  962  739
  808 1040 1003  859  969  856  216  670  103  671  854]"
0,62,"[ 153    3  511  592  464  414  814  176  714  853  209  727  875 1197
 1013  467  210  608 1107  293  186 1167  658 1016  336]"
0,67,"[ 367  160  707  207  237  545  724  766  330  983  832  135  139  454
  711 1135  246 1018   80  960  465  870 1144  329  820]"
0,68,"[ 978  305  537  391  735  712  270  489  100  351 1191  298  296  771
  477  742  732  195  843  422  920  733  912  300  364]"
0,69,"[ 249  582  205  440 1125  435  252 1080 1031  248 1077  250 1127 1069
 1085 1071  253 1070  255    7 1084 1027 1083  443  297]"
0,76,"[ 715 1153  159  556  307  675  835 1098 1150  350  262  278 1142 1162
 1095  314 1159 1181 1051  156  408  259 1154 1094   50]"
0,78,"[ 206  803   68  108  288  111  621  591  604  432   71   25  757  605
  595   40 1119  804   24  774  569 1045  689  919 1006]"
0,86,"[ 948  389  536  542   83  213 1093  405  701 1138  624   20  220  880
  129   23  174 1111  855  113 1029  581  734  412 1117]"
0,95,"[1098  262 1163   33  852 1094 1142 1143 1182 1181  842 1153  646 1148
  159 1154  156  988  334  307 1150  350  242 1099  837]"
1,2,"[ 700  230  989  449  589  130  965  121  431  967  347   98  987   97
  922  966 1043 1050  339  877  498 1055  400  628 1056]"
1,9,"[ 687  138  386  338 1028 1090 1012   72   66  694   60  968 1128   67
  404  781  840  760  294  706  902  593  936  373 1053]"
1,20,"[1127  297  892  253  248  980    7 1000 1032  977  205 1070  976 1125
  250  696  249 1081  441  109  326 1083  255  438 1078]"
1,22,"[ 271  555  562  276  543  392  910  541  510   34  396  492  424  911
  799  233  559  575   47  547  214  127  177 1185  667]"
1,23,"[ 603  415  737 1021  631 1157  398  437  825  497  601  828  741  990
 1178  416  865  514  874  770  905  397  506 1101  761]"
1,32,"[ 187  539  142  615   21 1104  522  698  202  337   57  308  140  152
  312  502  401  697   58  423  614  199 1195  223   14]"
1,33,"[ 373 1075  968  687  637  651 1012  706  394  840  838  386  816  294
  590  101  593 1090 1128  518  760   66  341  902 1028]"
1,34,"[ 722 1036  719  782 1089  718  357  729  353  888 1062  137 1122  208
  450 1121  112  839 1061  805 1026  947  201  507  713]"
1,47,"[ 700  628 1043  796  400  120  150   26  339  352  589  495  965  966
  498  788 1039  328  130  230  332   98  431 1038  677]"
1,48,"[276 830 559  34 472 911 667 541 127 799 633  47   1 575 492 260 125 214
 579 558 361 872 540 561 555]"
1,50,"[1050 1037  877  400  347 1056  449  796  431  230   98  967 1043  121
   35  495  989  281 1126 1010    0 1160  987   26  966]"
1,53,"[ 700  677  339 1043 1037   98  224 1038   26    0  121 1126 1160  431
   35  130  967  796 1010  167 1050  225  150 1056 1002]"
1,59,"[1094 1159 1169  314 1095 1151  259  267 1142  646  988  363  835  278
  159  715  242   33   50 1150  958  564  307  374  408]"
1,60,"[ 665 1060  871  528  956  964 1112  623  703  531  662  776  323  340
 1155 1035  743  740  959  660  115 1100  317  469  512]"
1,65,"[ 197  734  991  412  701  405 1093  445 1029   20  154  213  263  952
  389  783  639  219    2  129  487  861  855   18 1117]"
1,72,"[ 322  115 1112  340  623 1060  349  710  323  871  463   88  662  532
  956  309  469  447 1155   37  702  304  957  530  740]"
1,83,"[ 986  290  619 1015  847  693 1087 1042  527  145  180  102  999  945
  748  456  289  862  451  387  182  193 1186  191  979]"
1,86,"[ 624 1117  701 1111  389  487  173  277   20 1093  948  219  783   83
    2  197  445  952  344  880  263 1138  412  536  542]"
1,88,"[ 410  737  990  603  505  758  481  865  828  436  709  669  770 1021
  823 1178  397  523  761  905  437  258  914  876  906]"
1,97,"[ 758  437  825  497  481  905 1021  770 1157  504  873  823  601  523
  906  709  741  295  737  496  410  631  824   55  416]"
2,0,"[ 819 1064  191 1189  368  306  290   56   30  451  399 1186  748   75
  257  169   29  102  180 1042 1188  387  999 1087  362]"
2,1,"[ 292  650  648  588  647  333  583  656  907  565  516  576  513  303
  310  664  568  291  649 1165    9  869  652  243  567]"
2,5,"[ 605  803  774  984 1119  393  878  494  500  621   87  432  359  360
  524   25  604  689  925  752  804  395  206  919   24]"
2,7,"[ 487  129  113  581   83  542  154  277  644 1093  880 1117 1139 1029
  855  197  213   20  219   17  344   18 1023  445   78]"
2,16,"[ 933   46  401  152   57  308  613   59  199  815  423   10  486   14
 1156 1049  312  223  615   90  705  597  337 1104  612]"
2,19,"[ 941 1009  713  137 1036  508  704 1172  729  718 1122 1026  947  848
 1019  780  208  112  433 1061  782 1089  888  846 1066]"
2,25,"[ 162  157  147  899  812  221  620  897  883  901  895 1024  580   82
 1059  128 1034  478   12  886  475  479 1017  232  896]"
2,29,"[ 716   28 1026  782  507  114  203  729  780  888  846 1066  805  941
  720 1061  357 1137  801  848  699  201  353  137  722]"
2,30,"[ 998  587   71  393 1086  432   24  359  551  526  111  524  642  395
 1045  621  569  984  878  595  919  604  288  925   25]"
2,38,"[ 272 1025  501  234  682  810  844  635   36 1177 1030  461  554   31
  626  599  348  256  426  538  908  997 1136  961   73]"
2,39,"[ 77 726  99 318 617  49  32 763  85 610 668 283 791  48 863 390 926 385
 611  16 653  63 686  13 311]"
2,49,"[ 893   81  470  192  448  172  466 1109  829  301  995  384 1007  659
  900  462    6  458  158 1005  413  420 1184  779  903]"
2,50,"[ 589  922  628  347 1056  498  788  989   35    0  230  431  877  400
 1043  332   26  352  449  130 1145   97  167  328 1160]"
2,53,"[1043    0   98  498 1145  225  965  788  449  328  967  130  120 1160
  121  339  352  431  628  796   35 1037 1056  281   26]"
2,56,"[ 762 1194  609  938  992  409  427  916 1129  772  509  955  806  179
   76 1171  963  630 1192   22  994  284 1166 1176 1193]"
2,69,"[ 252 1080 1125  249  444 1069  297  582  253 1081  440 1027  438 1071
 1082  443  255  250 1032  355 1083  109 1079 1085    7]"
2,71,"[ 316  928 1073 1198  739  407  808 1190  266 1199  657  683  931  969
  103  402  671  856  930  439  974  859  972  661  265]"
2,76,"[ 715  675  837 1182 1099 1163 1169  350 1150 1162  556  374 1143  363
  564 1095 1159  259  314 1152  242 1142 1183  835  334]"
2,82,"[ 822  943  802  484  116  622  866 1124 1170 1004  867 1175  809 1110
 1103  708 1044  331  944  123  996  851 1123 1133 1132]"
2,95,"[1181  374  852  278  350 1099 1152 1148 1142 1154  675  159  334 1094
 1095  156 1150  715 1143  262 1153  307  363  988   33]"
3,1,"[ 292  648  650  588  333  647  907  656  565  516  583  576  303  513
  310  649  568  664 1165    9  869  652  291  567  519]"
3,9,"[ 687   67 1012 1028  138   66  338  968   60  386 1128  694  781 1090
  404   72  294  373  840 1068  760  755  706  593  341]"
3,10,"[ 662  703  512 1035 1100 1060   69  710  309  663   54 1155 1112  871
   88   62  349  340  469  447  459  115  702  531  323]"
3,20,"[ 297 1127  253  892 1125    7 1070  980 1071  977  443 1076 1000 1078
 1032  248  249 1031  976  326  355 1079  696  435  582]"
3,26,"[ 592  336  153 1014  879  176 1016  293  727  789  315 1115  186  813
  126  107  756  124  658  210  714  746  419  464  853]"
3,33,"[ 294  386 1053  637  373  687 1012  968  706  358  651  590   72  394
  138 1128  951 1090  755  816  754  274   66  781  313]"
3,41,"[ 609  916 1113  772 1180  280  940  993  630  938   76 1192  929  254
  247  955  143  491  427  179 1194  509 1096 1173 1164]"
3,49,"[1184  198  903  413   84  470  850 1109  175  384  779  829   15  301
  995  136  366  215  462  421  731  893  158  738   81]"
3,50,"[1050   98  922  796  498  121  150 1037 1126  788 1038  877    0  332
  700  449  352 1043  967  130  431  347 1039 1002 1160]"
3,51,"[ 347  167 1038 1145  628 1055  495 1056  120  989 1126   35  498  130
  966  225 1160  352   26  987  967  589  796  400 1010]"
3,56,"[ 992 1193 1192  630 1196  938  798  280  762  509  963  806  284 1176
  841  929  993 1166   89  764  643 1091 1129   22  818]"
3,59,"[ 159 1183 1169  835 1094   50  408  156 1163 1153 1152  988   52 1143
 1181   33 1051  307  646  267  837  262 1159  314  852]"
3,70,"[ 486  815 1195   14  223  697 1104  337  202  122   74   90  612  190
  933  522   58 1105  164  552  615  597   10  141  142]"
3,73,"[1140 1088 1133  178  460  723  123  836  943 1175  851  942  759 1110
  226  944  692  116 1132  499  736 1103  809  533 1124]"
3,74,"[ 138  593   60  936  377 1128  687  754  932   72  101  923  373  840
  294  968   67 1068  590  651  518  902  394  694 1028]"
3,75,"[1044  917 1110  943  460 1175  723 1123  331  802  533  942  708  123
  622 1132  692  116  996  759  944  836  787 1170 1067]"
3,76,"[1183  278  556   50 1099   52  314 1159  159  242 1094 1149  262 1150
 1162 1098  564  852  334  267  646  307 1181 1146  363]"
3,78,"[  25  500   71   68  752  206  757  595  591  393  774  878 1119  360
 1045  204  605  804   24  525  494  359  524  551  111]"
3,79,"[ 714 1107 1016  578  875  186  275  124  107  814 1013  414  126  746
  217  563  608  727  789  756  315  658  511 1197  592]"
3,87,"[ 752  878  526  206   25  393  288  849  642  204   68  605  591  500
  774  525 1086  757  524  108  111   24  388  551  110]"
4,3,"[ 533 1004  123   65 1132 1110  787   42 1133  822  622 1170  678  759
  460  708  116 1088  134  943  942  723 1103  645  227]"
4,9,"[ 687  338  138   60   67 1012   72  386 1028   66  968  781 1090  373
  694  902  755  840 1068  936  706 1128  294  404  688]"
4,18,"[ 221  681  480  475  897  891  899  128  157 1057  895  886  580 1024
   12  817  881  901  474  482  147  148  894 1130   82]"
4,22,"[ 555  271  579  562  214  492  541  799  392  910  127  260  490  276
  667  424   47  638  911  559  547  543  302  949 1185]"
4,27,"[1035  322   88  702  740 1100  317  663  827  530  602  309  469  743
  340   51  964  531   37  349  662  115   96  304  323]"
4,30,"[  24  878  432  108   25    8  642 1045  526  204  388  925   71  605
  595   40  500 1086  591  587  110   68  919  621  598]"
4,33,"[ 394  816  386 1075 1028  377  590  951  840  294  518  373 1053  593
  902  800  936  358  754  750  341  706  338  923   67]"
4,35,"[ 666  972 1074  859 1106  265  657  670  970  488  854  403  930  973
   19  402  103  928  671 1001  887  856 1073  661 1187]"
4,53,"[1039  628    0  788  498  120  987  967  966  225 1037  700 1126  989
 1043  224 1160  339  796  130 1038  589   26 1055  495]"
4,55,"[1121  782  848   28  654  941 1092  357  353  717  446 1026  780 1062
  433 1009  719  889  720  801  729  203 1019  846  805]"
4,57,"[565 567 321 577 745 264 155 310 517 513 291 570 299 907 571 572 684 335
 586 648 649 568 521 354 292]"
4,62,"[ 210  176    3 1147  727  756  608  814  875  153  813  336  414  217
  196  293  658  124 1107  457  467  714  789 1197  209]"
4,65,"[ 197  952  154  991   20  624  405 1093  783 1138  639  213 1139  174
 1029    2  445  263   83 1117 1023   18  343  861  228]"
4,68,"[  91  105  305  132  351  843  477  270  489  735  422  924  222  920
  296   95  300 1033  978  298  391  627  742  104  747]"
4,73,"[ 836  484  802  759  123  116  736  331  751  499  723  943 1123  866
  867 1103  708  996   65 1110  178 1004  691  822  460]"
4,83,"[ 520 1186  619  693   56  819 1054  387  290  527 1048  399  986  368
  180  979  847  945  455   75  456  451  212   79  362]"
4,88,"[ 496  631  737  709  828  823  758  397  905 1157  990  437  770  481
  505  741  258   27  295  904  410  824  865  906  285]"
4,90,"[ 323  703  469 1035  528  317   88  602 1060  349   62  251 1072   96
  964  956   54  740  459 1112  743  304  827  531  665]"
4,95,"[1169  156  958  374  852 1151  159   33 1098  715 1095  646  314 1099
  259  307 1153  408 1163  837 1159  556 1148  564 1152]"
4,97,"[ 865  514  823  504  770  481  758  828  990   27   55  631 1101  505
  874  669  397  398  741  497  258  437  825  436  876]"
5,1,"[ 292  648  650  647  588  656  907  516  333  583  565  576  513  310
  303  568  649  664 1165  291  869    9  652  519  354]"
5,14,"[ 808  969  973  970  971  972  488 1198 1074  739  670  194  265  931
  402  753  962  887  146  657  859  661  216  266 1073]"
5,16,"[ 933   59  337   46  423  152  613   90  502 1049  308  199   10 1156
  615  142  401  815  223  612  312   14   57  200  184]"
5,17,"[ 535  963  798  247  993  806  643  143  418  764 1173  491  254  994
 1193  762  955  509   22  916   76 1164 1096 1166  452]"
5,19,"[ 208 1036  888  137  947  433  704 1066  357 1019  713 1172 1009 1026
  719  941  729  699  507  508 1089  203 1122  782 1061]"
5,21,"[100 131 351 843 489 771  94 747 468 144 270 679 422 298 712 730 744 912
 222 161 742 924 732 105 305]"
5,23,"[ 603 1157  601  506  874  741  415 1101  437 1021  631  397  828  295
  865  514  904  758  481  906 1118  189  523  770  737]"
5,26,"[ 879  756  658  124  336  176 1014  714  813  566  153  107  467  814
  186  217  315 1115  592  209  727  275  293 1016  789]"
5,35,"[  19  930  488 1198  657 1106  969  324 1040  266  856  808  753  403
  974  103 1187  216 1073  661  962  854  265  670  927]"
5,39,"[ 311  283   32  610  385  549  791  726   49   70  428  503  616   77
  617  763 1134   64   63   53  785   48  425  858 1114]"
5,41,"[ 280   22   76  418 1171 1091  938   89  247  643  929 1194  994 1193
 1180  409 1173  491  993 1192  284 1096  940 1196  772]"
5,44,"[ 994 1091  798  841 1180  643 1196  280  630  427 1164  418  762   89
  491  940  179 1129 1113  409 1096  452 1192 1166  938]"
5,48,"[   1  561  638  559  302  555  472  214  271  667  127   34  799  562
  396  830  540 1185  579  949  361  541  510  547  276]"
5,56,"[1171  762  772  938  841 1194  427  509  994 1176  247  916  491  179
  254  992  280   22 1196  798 1129 1166 1180 1193 1091]"
5,65,"[ 952  405  861 1117  445  343   83   18  344  412 1029   20 1023  991
  487  581  855  154  197 1093  389  219  624  939  783]"
5,81,"[ 662  317  532  115  309  340  660   51 1155  956  251   88  959  447
  530  459  304  703  964  602   54  663  871  185 1112]"
5,85,"[1046   81  448  903  954   84    5  301  900  166    6   45  458  158
    4  779  466  829  462  995  215  192  553  659  175]"
5,86,"[ 880  412  536  581 1111  701 1023  228  542  939  113  389 1138  445
  213  487  219 1117  220 1139  405   18   20  277  263]"
5,96,"[ 353 1019  848  801 1062  947  722  721  433  717  839 1066  889  203
  718  729  208 1122  507  446  719  716   28  654  713]"
5,97,"[ 825  770  709  631  410  874 1021  437  914  415  505   27  904 1157
  285  603 1178  282  761   55  865  481  737  824  523]"
6,0,"[ 819 1064  191 1189  306  368  290   56   30 1186  451  399  748   29
   75  169 1188  180 1042  257  102  387  999  362 1087]"
6,2,"[ 700  230  989  589  449  130  965  121  987  347   97  922  967  431
 1043  966 1056   98  339  498 1050  167  628  400  877]"
6,3,"[ 533 1004  123   65 1132 1133  622  942  708  460  678 1110  822  134
  116  484 1088  943  787  867  227 1170 1103  759  499]"
6,8,"[ 554  471  151  685   38  600   36   93  426  908  775  272  430  810
  538  676  234  485 1011  821  935 1131  997  348 1116]"
6,11,"[ 954   15  420  411  553  903 1046 1184  172   84  731  462  900  192
  466  448  413  632  829    5 1109  779  198   81  175]"
6,13,"[  53   63   85  550   13  311  785   16  763  668  864  863  617  417
   49   64  795  791  283  794 1161  811   77  385  793]"
6,18,"[ 475  881  891  147  473  211  149  480  157  898  899  894  883  221
 1130  128  478  886 1034  148  884  901  895  897  232]"
6,25,"[ 221 1120 1034   82  475  895  580  474 1024  211  162  884  725  946
  883  890  899  128  482 1130  897   12  147 1017  480]"
6,31,"[  17  624  487  228  536  197 1138  639  581 1093  389 1029  173  644
    2  734  263  991  412  861 1023  277  344  113  939]"
6,34,"[1036  888  718 1122  446  699  839  782  719  941  721  114  722  353
  717  846 1137 1172  208 1061  947 1121 1066  801  713]"
6,40,"[1090  755  838  932  687  923 1028  590  902 1053  341  548  968  518
  760  840  800  694  816 1075  593 1012  377   67  274]"
6,41,"[ 940  806 1193   76  938  993  818  280  630 1164  179 1129  994 1176
 1091  491 1174 1171 1196 1180  509   89  284  955 1096]"
6,43,"[ 902  687  754  338  386  101 1028  373  800  394  548  845  377   67
  932 1128 1090  936  294 1068  590  816   60  755  688]"
6,45,"[ 454 1041  766  345  983  330  342  261  768 1135  833  981 1102  765
  832  820  246  369  769   61  476   80  937  574  160]"
6,65,"[ 389   83  783 1139  277  412  213  939  991 1117  405  855  197  644
  701 1093  948  639   18    2  344 1111   23  154 1029]"
6,73,"[  65 1133  708  943 1170  640  692  917  802 1004  822 1110 1088  678
  123  723  751   42 1140  736  809  867  178 1123  484]"
6,83,"[ 986 1188  619   56  193  182   75  693  290  529  451  527  862  594
  289  748  915  455  979  945  387 1015  145   79  999]"
6,93,"[ 996 1044  678   42 1067  692  867  178 1132  460  116  822  943  736
 1123  787  134  484  809  622 1175  723  759  226  751]"
6,94,"[ 110  569  108  500  595 1086  689  925  998  388  494  605  804    8
  360  393  587 1045  598  757  849  524  621  604   25]"
6,99,"[ 424  127  396  830  244  558  633  125  910  229  510 1185  177  276
  797  245  561  490  559    1  799  492  638  667   47]"
7,0,"[ 819 1064  306 1189  191  368  290   56  451   30  399 1186  748   75
  257  169   29  180 1042  102 1188  387  749 1087  999]"
7,6,"[ 186  209  419  124  727  592  217  457  210 1014  875  467  853  133
  315  789  511  275  107  557 1013  153  563  336 1107]"
7,9,"[ 687  294   67  386  338  138  694   60 1012   66 1090 1128 1028 1053
  968   72  760  840  951  781  377  404  373  755  902]"
7,10,"[ 662  663   62  340  710   54  447  463  623  703  512 1112 1155   69
   51 1060  530  964  251  309  323  871  665 1035  322]"
7,12,"[1052  913  235  606  365 1097  429  379  786  641  378  834  376  585
  279  372 1065  953  188 1158  382  584  607   92 1020]"
7,15,"[1148 1163  835  350 1095  564 1099 1150 1098 1152  363   50  675  156
  278  314 1153 1151 1182 1094  715  852  259  262  646]"
7,25,"[1017  162  147  479  884  475  480  901  883  482 1130 1120  681  128
  895  221 1034  725  817  473 1024  620  890  896  534]"
7,26,"[ 153  293  176  879  186  336  217 1014  592  789  315  126 1115  756
  467  511  419  209 1197  596  566  813  853  414  714]"
7,30,"[ 752   71  591   40  849  621  605   25  569  393  604  359  111  494
    8  595  360  524  108 1086  587  432  984 1045  288]"
7,32,"[  14  522  985   59  614  597  199  152  187  933  140 1195  697   21
  337  615  202  142  401  122  190  308  502  223  312]"
7,35,"[ 216  972  324  859  974  670  887  973  928  439 1001  266 1199  103
  403  657  969  739  488  930 1106  927 1073   19 1190]"
7,36,"[ 436  758  398  904  669  437  824  865 1118  770  914   55 1021  873
 1101  415  709  905  874  410  397  906  506   27  295]"
7,40,"[ 816  377  637  838  593  687  518  338 1053  754  923  760 1028   66
  138  800  840  341 1012  101  358  750  968  386 1128]"
7,44,"[1174  929 1180  143  993  992  247  938  535 1164  630 1171  762 1091
  609  179  418 1193 1166  955  409 1173   22  940  491]"
7,63,"[ 148  478  221  886  896  128  482  580  681  725  894 1034  884  881
  474  232 1059  883 1130  891 1057  479  171  620  162]"
7,66,"[1002  796  332  130 1055  449 1037   97  677  150  967  352  495  121
 1039  339 1145  328  700  922   26 1010  167  672  225]"
7,69,"[ 297  435  582 1081  250  249  326  977  892  248 1070  252 1077 1085
  980 1125 1179 1080  441  205  792  976 1078  255  438]"
7,71,"[1106  316  407 1073  971  146  974  808  670  403  753  739  931 1040
  661  103  671 1074  973  972  928 1001  683  194  962]"
7,78,"[ 108  569  642  204   71  525  804  598  494  849  388 1045  803  359
 1086 1119  360  984  925  393  604  206  757   87   25]"
7,93,"[ 723  178  123  822   42 1067  484  227 1133  692  736  944  802  917
  996  787  809  759 1175 1132  460 1103  640  533   65]"
8,6,"[ 186  419  727  217 1147  124  467  209  107 1115  315 1013  133  592
  789  275  126  511  875  176  557  210 1107 1014  153]"
8,10,"[ 662   88 1060 1035 1112  871   62  740  665  964 1155  623  447  463
   54  512  957  530  309  703  702  663  340  349  710]"
8,12,"[ 365  786  379  607  429 1052  382  380 1097  320  641 1020  953  584
  376  913  834 1141  606  378  372  235   92  950  585]"
8,14,"[ 808  739  670  973  657  402 1198 1074  962  671  928  974  488  666
  316  194  859  856  969  887 1003  972  971 1190  930]"
8,18,"[ 473  475  480  886  681  946  896  891  157  221  148 1059  211  881
  894  817  147  899  897  901  895  534   12  482  474]"
8,23,"[ 295  603 1021 1157  876  824  282  770  437  825  631  737   27  189
  904  285  410 1101 1178  506  415  398  397  669  481]"
8,24,"[1107  217 1197  879  196  293 1167  714    3  315  275  885 1014  875
  464  209  107  153  814  566  457  789  186  608  467]"
8,28,"[1144  711  545  345 1058  367  870 1041  724  937  369  170  370  207
 1135 1018  820  768  237  981  465  909  476  769   80]"
8,46,"[ 538  844  831  634  908 1116  544   36 1047  600  554  234  461  151
  626 1030  272  775   31  680  256   73  231  682  961]"
8,52,"[ 144  733  537   95  744   39  195  298  183  351 1191  857 1108  391
  978  132   91  300 1033  742  296  730  732  679  843]"
8,54,"[1086  605  204  359  591  803  432   71  595  621  360  804  984  524
 1045  206  569  551  587  393   68  925  774  388  642]"
8,66,"[1038   35  400  987 1126  989  965   98  495  230 1039 1002  347 1043
  589  328  628   26    0 1055  677  130 1145  498  877]"
8,68,"[ 105  978  325  296  537  104  489  843  270  627  195  468  300  131
  268  857  477   94  912  744  730  924  422 1108  679]"
8,70,"[ 164  612  141  184   58  423   21  933  199  614 1049  308  985  613
   46  190   10  122  223 1105   74  202  401  337  697]"
8,73,"[ 943 1124 1133 1170  708  331 1067  226  996  134  123  751  851  533
  917  645  484  640  227  736  116   42  460 1175 1132]"
8,76,"[  50  852  958  307 1099 1149  646  350  267   52 1183  159  408 1182
  278 1150  242  363 1146  835   33 1181 1154  314  262]"
8,77,"[ 679  627  920  222  305   39 1191  733  104  732  131  183 1033  300
  843  912  351  161  144  537  857  391  195  477  296]"
8,81,"[ 602 1112 1060  115 1155  469  776  340  710  447  251  309  185  662
  623   51  322  304  964  660  959   69  459  530   62]"
8,83,"[ 847  455  289  193  619 1064  945   29   56 1048  451  999  362  102
 1015  257  636   79  527  169  915  399  368 1054  979]"
8,98,"[  13  550  811   48   16  618  346   70   41  726  790  385   85   63
  616  428  858 1161   53   77  311  763  794  617  863]"
9,9,"[1028  687  138  338 1090 1012   60   67   66  386   72  936  781  968
 1128  694  760  294  902  816  404  373  593 1053  750]"
9,15,"[1098 1148  363 1163  350  156  988  835 1162 1099 1143 1095   52  564
  314  267  242 1094  675  852 1150  278 1149  159  334]"
9,24,"[ 608  789  210  293  107  879  566  275  464  126  457  557  209  124
  419  196  153  885 1107 1013    3  217 1197 1147  814]"
9,25,"[ 620  883  479  162  147   12 1024 1130  149 1034  128  221  232  899
  148  894  534  812  475  157  890 1017   82  897  580]"
9,29,"[  28 1009  716  112  508  203  846  947  888  780  717  782 1066  718
  208  704  729  433  654 1061  805  357  114  889 1026]"
9,38,"[1025 1030  682   93   36  272   73  599  426 1177  961 1136  635 1168
  471  234  538  256  501  348  997  831   31 1047 1116]"
9,46,"[  73  234  231  810 1131   93 1116  599  544  908  844  685  997  961
   38  151 1011 1030  554  485  256  773  461 1047  918]"
9,50,"[1050 1056  167  352  347  965  121  449  987 1145  967  589  120 1002
  796  332  328 1010  130  281  922  230   98  989  431]"
9,58,"[ 887  970  859  975 1106  969  753  316  670  216  927  403  657  266
 1074 1040  739   19  928 1001  324  671  971  194  402]"
9,59,"[1181  564  835  314  334  837  159 1148  842  988 1143  675  715  262
  259  408 1149 1159 1146  350  363 1153 1183   33  307]"
9,73,"[ 134  822   42 1175 1103  836  943  178  809  331 1123  723   65  802
  533 1133  759  866 1110 1044  751  460  116 1140  484]"
9,74,"[1068  687  590  593  274   66  781  651 1075  341  840  404   60 1090
  932   67  923  518 1128  845 1028  294  706  936  394]"
9,77,"[ 712  305  627   91  468   94 1108  183  144  132  912  744  730  422
   43  105  733   95  735  100  325  477  270  920  195]"
9,85,"[ 553  995  413  158  466  738  462 1063  366  420  172 1046  829  777
  903  659  106    5    4   15  893 1005 1007  215   81]"
9,87,"[ 500   25    8 1045  388  395  591  494  432  605  804  598  108  604
 1086   40  526  288  925  752  206  551   24  525  757]"
9,88,"[ 709  505  874  758  904  914  506  824   55 1118  905  990  285 1178
  823  523   27  497  737  601  397  761  437  631  295]"
9,89,"[ 650  572  354  243 1022  560  299  321  521  567  335  513  934  652
  868  292  333  571  516  583  745  664  573  517    9]"
9,96,"[1062  729 1172  717  889 1137  888  704  112  654  713  450  718 1092
  114  782 1009  805  353 1019  839 1121  699 1066  720]"
9,98,"[ 428   16  385 1161  811   53  318  763  653  549  686   49  617  550
  425 1134   99  618  311  611  791   48  503   13  515]"
9,99,"[558 244 214 541  34 245 540 177 271 910 555 302 229 638 561 165 830 125
 233 543 127 490 492  47 575]"
10,0,"[ 819 1064  368  191 1189  290  306   56   30  451 1186  748  257  399
  180   75  169   29 1042 1188  102  387  362 1087  999]"
10,4,"[ 981  937  767  766  345  160  832  261 1018  381 1144  476  370  983
 1102  135  170  319  820   61  765  367 1041  724  707]"
10,7,"[ 129  487  277  861  542  412 1093  154 1139   83   78   20   18  880
 1138  536  389 1023  644  344 1029  581 1117  197  219]"
10,15,"[1149  156  988 1153 1163  564 1095 1094 1099  852  242  363 1143  314
  837  675  350  958 1148  278   50  646  307 1150  267]"
10,22,"[555 276 911 392 562 271 547  34 799 490 949 177 233 910 541 543 625 492
 406 579 558 472 165   1 510]"
10,23,"[ 631  397  398  874  416  295 1157  437  497  506  737  415  410  823
  825 1118  189  828  514  741  914  824 1021  603  505]"
10,24,"[ 457  464    3  315 1107  217  196  879  275  557  467  727 1147 1197
  293  126  592  186  133  566  608  885  210  124  107]"
10,25,"[ 482 1017  895  475  897  168   82  884  479  883  899 1024  812  221
   12  681 1130 1057  162  473  147  148  580  128  898]"
10,42,"[ 191  362 1087  693  945  387 1048  915 1064  182  456 1054  290   75
  527  999  306  749  529  180  619  455  819   79  102]"
10,56,"[ 509  764  609  254 1196  491 1176 1091   89  630  806  284  247  963
 1192   22  535  994 1166  992   76 1193 1171  762  955]"
10,57,"[ 321  907  652  934 1022  292  335  273  565  356  243  155  571  264
  570  310  650  299  513  921  647    9  577  333  516]"
10,64,"[ 446  357  839  713 1066  507  716  353  848 1121 1122   28 1089  208
 1019  888  782  722  203 1009  729  450  508 1062  941]"
10,73,"[1123  943  867 1133  809  622  460   42 1103  499  178  866   65 1132
 1088 1067  692  691  942  227  736 1175  802 1170  836]"
10,76,"[1163  262 1182 1154 1098 1169 1146 1181  715  242 1099 1150  278 1051
  350  314 1143  267  159   52  374  675 1153 1151 1142]"
10,81,"[ 349  665 1112  663  743  447  304 1100   88  463  964  317  532  959
  469  531   62  957  323 1035  623  322  776   54  702]"
10,82,"[ 227  678  751 1133  809 1123  692 1170 1088  802  736  867  917  533
  499  822  943  708  944  460  836  622   65  116  942]"
10,84,"[1112  662  323 1155   96  740  623   37 1072  459  528 1035   51  185
  349  304  447  710  512  322  532 1100 1060  964  743]"
10,86,"[ 624  405  445   17   83  220  343 1111  939 1117  263  783  734   23
  173  581  855  728  129  197  344  639 1023  952  154]"
10,87,"[ 598  204  689  595  359 1086  919  525  642  494  621  393  500  551
 1006   68  849  604 1119   40  757  878   87  774   71]"
10,93,"[ 836  723  942  226  787  678 1132  708  751 1103   42  691 1110  867
  484  460  533 1170  736 1175  227  640  917  866  331]"
11,4,"[ 981  937  261  983  767  765  160  345  766  476  319 1018  367  870
   61 1144 1041  454  139  135  381  370 1102  832  342]"
11,6,"[ 186 1147  217  419  107  275  467  853  133  511  727  789 1107  336
  124  209  153  875 1013  557  592  210  315  563  176]"
11,13,"[ 16 763 793  63 686 428 858 785  13 311 795  99 668 618 549 550 503  48
  85 417 318  77  70 864 863]"
11,14,"[ 969  808  670  930  657  739 1199  683  975  402 1073 1198  661 1074
  927  407  973  194  266  265  324  970 1106  856  887]"
11,17,"[ 254  143 1194  179  994  798 1091  955 1113  535  247  764  772  841
  280  806 1180  762  916  938   89  452  609 1173  491]"
11,22,"[ 555  276  233  271  302  392   34  667  492 1185  949  910  541   47
  872  165  510  882  633  579  799  562  490  260  625]"
11,26,"[ 879  176  293  756  658  464  714  727  275  336  746  209  813  578
 1147 1167  566  126  217  875  210  592  414  467    3]"
11,40,"[ 755  902  923  760  932  358 1012  838  377  373  274  840  968  706
  754   72 1128  593   67  294  548   66  694  138  781]"
11,46,"[ 634 1116  961  908   93  430  635  844  773  810 1030   73  231  682
  600  234   38 1168  935  544  554  461  256  918  821]"
11,57,"[ 568  565  921  567  292  303  656  648  519  745  649  647  513  573
  264 1165  356  333  291  650  243  560  570  577  664]"
11,59,"[1150  374 1154   33 1142  715 1143 1151  334  564 1159  852  259  262
 1099 1148  156 1149 1098 1094   50  646  307  556 1181]"
11,63,"[ 895   82  211  812  778  884 1059  478  147  157  232  128 1130  162
  881  886  946 1120  897  891  168  482  890  149  725]"
11,74,"[ 101   67  590  902  593  706  313  932  404  936  338 1053   72  358
 1075  687  838  688  845  651 1128  394  548 1090  138]"
11,79,"[ 107  457 1167  336  814  875  789  813  592 1147  756 1014  879  596
  578  467  186  608  124  419  727  464 1115  690  566]"
11,80,"[ 325  268   43  104  391  195  296  183  132  733  300   95  351  857
  679  747  732 1108  744  270  477  742  422  100  978]"
11,85,"[ 738  695  413  659  448  462  900  215  301  995  954 1109  553  903
    4  166  172    6   81  106  192  411  420  470  850]"
11,86,"[ 644   83  542 1023  277  639  343   18  213  220   23  173  952  624
  487 1138  445  728  228  783  174  412  861  263   20]"
11,88,"[ 481  758  741  282  416  189  505  865 1118  295  496  825  761  601
  436  709  770   27  397  415  410  873 1178  823  990]"
11,91,"[ 967   35 1039 1055  130  339 1050 1126 1038  989  328  332  788  672
 1160 1010  700 1037  677  347  796  431   97  498  167]"
11,93,"[ 499  123 1004 1110 1103  678  944  692  851  134  708 1132   65 1044
  645  622  533  866  836  640  227  751 1170  867  917]"
12,4,"[ 981  937  767  766  163  370 1018  454  261  160 1144   61  345  453
  369  711  135  983 1041  319  381  139 1102  765 1135]"
12,21,"[843  94 732 268 351 924 161 391 131 489 978 742 144 627 744 477 712 771
 422 100 912 730 733 222 298]"
12,24,"[ 293  126  315  464  658 1107    3 1197  789 1147  419  217  814  813
  210 1014  885  275  336  153  467  879  756  566  563]"
12,37,"[ 254  963 1176  841 1091   89  509  916  630  992 1196 1194  806 1096
 1171  535  929 1113  418  643  938 1166  427  247 1193]"
12,40,"[ 274  923   66 1053  760  902  101  518 1012  404 1128  341  687  138
  816  968   60  394  377  637   72  313  548  688  593]"
12,44,"[1113  994  247   76 1171  491 1164  916 1192  509  409  992  427  764
  609 1091  806   89  929  630 1196  772  963 1176  938]"
12,46,"[  73  844  635  272 1136  348   36  908  810 1047  961 1030 1168  485
  234   38  600 1116 1011  231  501  918  256   93  821]"
12,47,"[ 700 1126   98 1056 1010  120  332  150  347  967  130 1160  628 1043
  677 1002  339  922  966  281   26 1037  328 1055  431]"
12,50,"[ 347  130  328 1039  431  150  495  339  332 1043 1038  877 1056 1050
   97  677  400  628  788    0  965  225  989  966  700]"
12,56,"[ 940  280   76  929  427 1193  409  247  806   89 1173  993  762  963
  955  630  764 1192  992  994 1166 1194 1196 1176  938]"
12,58,"[ 103  216  266  661  859  887  546 1187  753 1106  739  856  970  407
  403  975   19 1199  670  808  962  973  146  488  683]"
12,60,"[ 957  323   37  115  663  309  743  665  528 1072   51  251  710  322
  660  703  530   54  531   69  776  956  740 1035 1060]"
12,65,"[1138 1093 1117   83  219   18  624  948  783  197  952  991  701  412
 1023   20  154 1139  639  581  213 1029  734  174  542]"
12,71,"[ 403  546  928  739  931  808  103 1190  970  265  146  974  194  661
  683 1106  975  407  962  216  670  324   19  439  488]"
12,74,"[ 637  968   67  845  951  687  101  902  518  593 1068  932  694  338
  404  313  688  377  373  840  781  816  800   72  923]"
12,82,"[ 736  723 1133  692  867  822 1140  227 1123  484  134 1103  645  116
  691  499  460  836 1132  917 1004   65  678  708  944]"
12,89,"[ 868  907  648  513  573  583  521  745  321  571  570 1165  647  335
  664  934  586  650  567  560  155  656  333  572  684]"
12,93,"[1170  867 1175  809  533 1140  822  851  751  917  692  640 1124  484
  942  123  944  178  226  227  691 1110 1103  460 1004]"
12,96,"[1036  201 1137  729  699   28 1019  713 1026 1172  112  889  704  720
  805  780  848 1009  717 1121  722  839 1122 1066  654]"
12,97,"[ 416   55  828  523  874  824  761  770  741  904  415  906  285  504
   27  189  497 1118  295  631  514  282  496  914  825]"
13,1,"[ 292  650  648  647  588  656  583  907  565  333  516  310  576  513
  664    9  568  649  303 1165  291  869  652  519  273]"
13,8,"[ 775  554  908   36  151   38  600  685  471  348  234  821 1131  676
   93  538  426 1177  810  831 1116  544 1011  272  935]"
13,20,"[   7  892  248 1070  253 1076  326  297 1179  442  250  582  980 1127
 1069 1032  435 1083 1077  252  441   11 1027 1082  696]"
13,21,"[ 131  771  843  195  747  351  222 1108   94  477  100  733  732  712
  742  268  144  489  924  735  296  744  468  298  857]"
13,35,"[ 316   19  146  856 1001  683  970  194  854 1187 1073  666  661  439
  972  266  930  739  753  974  402  546  928  103 1198]"
13,42,"[ 182   30  102  191  368  387  193 1087  362  915 1042  145   75  451
   29  999  636 1054  619  847  749  527 1186  289  455]"
13,49,"[ 301  413 1109  411 1005   81 1063  458  215  448    5  462  218  106
  893  903  192  136  420  175  384  466  366  777  198]"
13,52,"[ 978   95 1108  131  857  422   94   43  733  132  920  195  730  270
 1191  144  305  477  268  742 1033  300  843  183  391]"
13,55,"[ 508  721 1061  717  114  716  848  699  941  729  433  780  450  839
 1172  782  353 1036  718  888 1137  801 1121  357  137]"
13,63,"[ 232  883  897  886  534   82  171 1057  946  725  211  817   12 1017
  681  899  482 1130  894  479  620  168  884  162  580]"
13,66,"[ 225  347  966  589    0  431  672  877  150  281 1160  498  796 1037
 1126  224  339  230   97  120 1145  967 1043  922   35]"
13,67,"[ 246 1144  832  711 1041  707  237  870  330  207  370  767  163  170
  574  960  454  135  769 1018  833  342  820  465  160]"
13,69,"[ 118  440 1071  980  252  434  109 1083  441  442 1125 1081  807  792
  255 1085 1079 1179  696 1084  253  249 1127  205  435]"
13,78,"[ 752  432  925  204   68  689  206  621  360 1119   71  524  569  878
 1045   87   25   40 1086  757 1006  998  395  393  288]"
13,80,"[ 195  489   39  771  912  733  857  679  477 1108  712 1191  296  351
   91  183  627  325  422  222  161  742  730  298  391]"
13,87,"[ 393 1045    8 1119   87  494  849   40  642   25  525  774  984  595
  804  110  598  919   68  204  752   71  569  587  360]"
13,92,"[ 509  841 1180 1196 1176 1173  535 1194  284  806  609  993  491  992
 1171  772 1166   22 1091  427  938  929 1164   76  643]"
13,95,"[  33  958  556 1099  307  363 1149  564  350  835 1162  262 1143 1183
  156  159  374  646 1151  852  334  715 1094  314  837]"
13,97,"[ 709  905  603  770  295  506  514 1021  437  415  873  505 1157  601
  906  876  258  828  824  504  990  741  481  904  874]"
13,99,"[ 547  633  555  562  492  260 1185  872  579  949  911  244  406  472
  490  540  383  575  667  799    1  559  638   34  302]"
14,6,"[ 186  217  419  153  209  727  467 1014  789  275  592  126  875  315
  176  133  557  124  107 1147  210 1107 1115 1013  511]"
14,7,"[ 487 1139  581  129  197   83   78  344  213   20  880 1117  219  536
  154  861 1029 1138   18  445  228  542  389  412  855]"
14,13,"[311 550  48 863  16 793 858 785 686 617  63  13  49 763 618 549  32 385
 283 428  85  53 668 346 653]"
14,15,"[1099 1094 1163  156  363 1162 1183  278  334  715  350  242  314 1153
  564  835 1095  675 1051  842 1159 1149 1098  646 1151]"
14,21,"[771 351 912 732 268 131  94  91 843 325 627 924 730 222 468 195 857 305
 489 144 104 747 100 679 391]"
14,27,"[ 665   69  710  322  323   88  528  309   51  251   54   96  776  531
  463  663  740  959  743  530 1035   37  349  964  512]"
14,28,"[ 476  820 1144  370  139  135  724  369  170 1041  329   80  707  453
  207  160  342  981  261  768  381  765  345 1018 1058]"
14,30,"[  40   71  604  605  919  925   24  395  111  500 1119 1045   87  551
  752   68  359  642  774  393  494  689  757  204  288]"
14,31,"[ 880  228 1029 1093  581  197  861  344  173 1111 1138  487 1139  343
  644  389  154  129  991  263  405   23  277   17  113]"
14,32,"[ 337  539  187  522   21  985 1105  122  308  200  705  502  190  184
   58  615   74  401 1049   14 1195  164  140  327  199]"
14,44,"[1180 1091  762  509  247  452  535 1113 1194  609  994 1196   89 1166
  491 1192  643   76  841 1129  630  772  764  963 1173]"
14,45,"[ 170  369  784  163  767   61  246  724  707  160  768  476  981  820
  545  319  765  370  367 1041  833 1102  342  937 1058]"
14,52,"[ 144   95  132  733  537  422  391  730  100  744  270  843  912  268
  747  195  679  857  351  298  771  468 1033 1191  920]"
14,53,"[1037 1126  347 1050  700 1160  431  965 1043   26  922 1039   98  150
   97  498  495  352  167  281 1056  796  230  400  628]"
14,59,"[1183  564 1143  835 1163 1150 1151  715  278  259  988  363 1162 1099
 1149  314  852 1051  556  646 1148 1098  262  242  267]"
14,72,"[ 602  665  528  185 1035  957  459  964  304  447  349  660  463   96
 1072  115  871  512  740  531  322   51  532 1060   88]"
14,77,"[ 351  195  325  305  712  742  912  131  132  537  978  747  679  730
 1191  468  924  300  735   39  298   91   94  296  857]"
14,89,"[560 155 273 647   9 573 519 567 656 516 583 310 291 303 264 321 684 650
 934 335 571 292 299 572 649]"
14,96,"[ 114  719  203  654 1009  947 1036  801  508  722  805  848  208 1089
  704 1172  729  720  433 1066   28  888  780 1137  717]"
14,98,"[  63   48   13  864   99  794   70  616  785  763 1134  417  863   53
   49   41  550   64  811  858  618  653 1114  428  793]"
15,4,"[ 767  937  981 1144  160  370  261  135  983  766  163  345 1018 1135
  711  454  765   61  381  369  170  367  139 1041 1102]"
15,14,"[ 808  971 1198  670  671  974 1003  887  931  753  739  402  657  324
 1106  194  403  972  316 1001 1074  928  546  488  969]"
15,17,"[ 992 1096 1194  963  798  418  280  254   89  643 1166  491 1164 1174
  841  762  764  929  955  994 1171 1091  284  609  535]"
15,20,"[1076  297  248 1127  441  977  976  326 1125  253 1082  442  205  792
 1000  807  892  249 1032 1080  980  582 1179 1083  250]"
15,22,"[ 276  555  392  667  271  233  562  910  575  799  472  541  510  638
  543  396  540  547  558  911    1 1185  125  559  579]"
15,24,"[ 196    3 1147  107  885  457  293  879  464  315  557 1167  217  690
  126  658  789 1107 1197  814  133  756  419  209  608]"
15,35,"[ 930  194  753 1003  488  671 1199  856  103  146  974  266 1106  969
  975 1198  854  265  962  402  972   19  216  670  657]"
15,38,"[1030  234  682  935  272 1177  554  256   36 1047  544  635  821  485
  676 1011   93  231  626  600  599  775   38  426  997]"
15,45,"[ 983  135  707  724 1018  981  367  476 1058  246 1135  160  207  342
  170  769  261  767  960 1102  784  765  820  345   61]"
15,48,"[ 34 165 127 667 559 302 492  47 271 392   1 472 882 510 260 233 561 125
 830 244 872 579 214 949 361]"
15,50,"[1039   26  120  967  788  339  431 1043 1050  225  150  224 1160 1145
  987  589  877  449 1037  121 1055 1056   98  230    0]"
15,53,"[  35  966 1056  989  449 1043  281  121 1038 1037   98  400  498  628
  332  589 1160 1010  700    0  130  328   97  431  677]"
15,60,"[1155 1100 1112 1060   96   37  740 1035  459  957  463  623   62  959
   88  702  323  776  340  871  530  660  602 1072  743]"
15,67,"[ 574  330 1041  381 1135  319  832  170  246  711  453  766  784 1144
  870  724  237 1102  820  367  476  983  454  342  769]"
15,74,"[ 754  101  548  651  781  687 1012  688 1053  274  358 1028  590   67
  294  694   60  755   66 1128  800  404  338  968 1090]"
15,75,"[1103  917  499  116 1044 1170  123 1140  178  226  134  484  622  996
  851  942  533   65 1133  943  809 1110  227  640  460]"
15,79,"[ 789  756  885 1107  153  658  875  217 1013  336  186  814  196 1197
  690 1147  813  557 1115  596  107    3  126  464 1016]"
15,90,"[322 663 304 956 323 623 743 660 512  88  62 349 251 662 309 531 776 957
 459 703 827 602 115 665  54]"
15,97,"[ 825  497  823  905  669  285  523  737  416  631  398  770 1157  415
  437  496  824  865  295  258  603  990  410  914 1178]"
15,99,"[ 561  490  472  797  424  233  214  392  575  165  271  245  361    1
  882  558  540  383  510  625  396  633  559 1185   47]"
16,6,"[ 186  467  217  457  727  419  209  592 1014  133  153 1147  210  789
  853  107  557  124 1107  275  315  126  746  196  176]"
16,12,"[1052  379  913  606  826  365  860  382  279   92  607  950  376  235
  584  380 1158  429  834 1097  119  629  241  269  483]"
16,16,"[ 933   46  312  199   59  423  337 1156  308   90  815  152  200  184
  327   57  164  141  142  698  539  613   10  486  502]"
16,23,"[ 709  874  415 1157  876  514  295   55  770  990  823  741  905  505
  496  828  601  873 1178  285  824  397  603  189  906]"
16,29,"[ 357  848  947   28 1026  846  717 1061  507 1172  112  839 1066 1137
  716  720  941 1089 1009  729  699  713  782 1019  137]"
16,33,"[ 838  294   66  845  951  518 1128  101  754  816  800  687  341 1075
  840  386  637  593 1012  138  373   72  274  548  651]"
16,35,"[ 324  194  546  265 1198  671  859  439  657 1040 1001  973  146  808
  661  972   19  402  974  931  970  683  403 1187  971]"
16,39,"[  32  811  417  793   77   70  763  550  863   49  611 1134  726   63
  617 1114   16  390  425  618  668  385  785  926  428]"
16,43,"[ 706  923   67  101  755  404 1128  687  932  951  338  313  593  294
  518  637 1075  754 1053   60   66  760  688  394  838]"
16,52,"[ 537  195  268  131  183  468  920  732  351 1108  924  978  912  161
  843  730  144  298   95  391  679  422  305  744  222]"
16,57,"[ 650  354 1022  560 1165  273  291  649  664  517  586  567  310  907
  292  921  513  572  583  333  684  868  934  570  869]"
16,58,"[ 488  974  670  671 1040  103  403  753 1106  973  971  962  546 1198
 1187  324  969  146  808  739  666  859  887  402  970]"
16,66,"[ 449  498  332 1038   26  628  281  966  347  230  495 1039 1055  431
   97 1050  677  224  965 1010  339  796  967  987 1037]"
16,73,"[ 227 1124  943  751 1170  123 1067  226  802 1175 1123  942 1110  460
  736 1140  692  331 1088   65  787  851  723 1044  533]"
16,82,"[ 759  484 1088  867  678  331  943 1132  866  499 1133  123  809  822
  736  533  851 1140  944  917  116  787 1044  942  460]"
16,83,"[ 362 1186  693  520  619   79 1015  290  368  257  999  193  456   56
  945  289  819  915 1087  191 1064  529  455  145  979]"
16,84,"[ 469  304  532 1035   96  956  447  309  957  323   54  317  964  322
  743  959 1072   37  512  530  528 1060  662 1155   51]"
16,89,"[ 321  243  572  291  517  519  934  577  335  649  586  521  516  921
 1165  117  648  333  664  576  869  310  652  299  588]"
16,95,"[ 156  267 1152  675 1154  958   33  715 1163 1143  334 1142  350 1159
   52 1051  556 1099 1169  646 1098  988  278 1162  363]"
16,96,"[1122 1092  716  721  729  888  846  719  654  947  801 1009  446  357
  839  208  848 1137  699  780  507  722  114 1066  720]"
17,1,"[ 292  650  588  648  647  907  583  656  333  303  565  516  576  513
  310  649 1165  652  664  568    9  291  354  869  299]"
17,2,"[ 700  230  449  989  130  121  589  965  922  966  967 1056  987  347
 1043  431   97  400  498  628 1055  339   98 1050  877]"
17,6,"[ 186  217  592  419  210  467  124  727 1115  107 1107  853  126 1014
  557  196  789  875  176 1013  209  153 1147  336  566]"
17,13,"[ 549  346   85   32   63  791  283   13 1161   53  417   64  618  763
  611   48   16  686  616  795 1114  864   99  668  550]"
17,16,"[  46  312 1049  815   59  597  223  308  933   57   74  705  122  184
  187  615  337  423  199  200  486 1104  190  613  401]"
17,28,"[ 160 1041  960  237  765 1144  367  163 1018   80  707 1058 1135  135
  246  766  139  261  370  768  832   61  981  476  453]"
17,31,"[ 113  445  487 1093  783  405  228  263 1111 1138  880  389  412  277
 1023   18  129  939    2  952  728  536   78  197  639]"
17,40,"[ 548  840  590  687  138  932 1090   72  754 1128  800  755  394  294
  341 1075   66  968  377 1012  816 1028  518  386  274]"
17,43,"[902 341 687 800 313 101 138 394  60 760 932 694 706 750 840 637 518 338
 838 651 386 755 845 951 923]"
17,47,"[ 328  965  589   97  672  167  498  225  130  431 1038 1043  495  224
  700  120  987  796  967   26 1010  788  121  339   35]"
17,49,"[ 903  136  466 1109  695  995  192  458  411  301  198  175  829  632
  738  158 1005  900   84  215 1046    6  553    4  659]"
17,52,"[ 843  183  144  747  732  222  744  978  161  296 1033  100  730  468
   95  733  679  742  364 1108  105  131  132  477  300]"
17,55,"[ 889  201  357  801  839  654  716  721  450 1062  704  433 1137  446
 1172 1122  941 1019  947 1061  720  718  203 1089  112]"
17,67,"[ 381  367  476 1058  342  767  820  870  937  329  237  724  135  465
  832  261  983 1144  369  160  766  319  769 1102  453]"
17,69,"[ 807  255  792 1179 1080  438 1125  326  444  976 1083 1081  435  443
 1000    7 1077 1076  252  434 1031  249 1071  441  582]"
17,70,"[ 423  223   46  141  184   74 1104   57  613  493  614 1195  200  187
 1105  486   14  597 1156  152   58   59  202 1049  815]"
17,78,"[ 605  803  494  360  569    8   68   24  878  804 1045  591  598  359
 1086 1119  604   71   25  752  757 1006  111  587  108]"
17,90,"[ 115  469  532 1072  185  959  304 1155  251  349 1112  702   37  703
  743 1035  447  322  827  740  957   69  623   88  710]"
17,95,"[ 715 1152 1162  408  837 1094  307 1149  958  842 1148  334 1169  267
 1099 1151  852 1143  675  159 1098 1150  278 1095 1146]"
17,99,"[ 245  233  392  177  244  799  579  361 1185  872  575  830  667  396
  540  910  562   34  559  882  541  547  625  797  510]"
18,2,"[ 700  230  449  989  965  431  589  347  121  130  987  966  967  922
 1055   97   98 1050 1056  498  167  328  339  400 1043]"
18,5,"[ 605   87 1119  524  878  803  359  774  757  984  689  395  494  804
  206   25  393   68    8  621  551  432  604  569  642]"
18,10,"[  62  463  710  703  956 1100 1035  317  662  447   88  740   69  512
  251   54  871 1060  602  459 1112   51   37  532  309]"
18,20,"[ 435  248 1071  438 1127  980  326  977  441 1070    7  807  255 1125
  109  355 1031 1179  118 1082 1080 1027 1083 1076  253]"
18,23,"[ 437  397 1021  282  603  914  496  741  631  514  828  825  874   55
 1101  601  416  410  505  506  990  906  823  758  770]"
18,29,"[ 507  137  839  848  357  846   28 1092  941  782  729  947  208  446
  114  889 1089  716 1066  508 1137  720 1019  203  450]"
18,36,"[ 523  770  189  825  258  914 1101  415  669  416  758 1118  990  828
  906  398  285   27 1021  904  437  505  436 1157  761]"
18,41,"[ 247  280  409  818 1164 1193  491  938  798  643  993  284  994   22
  841   76  630 1194 1129  992 1174  254 1192  535 1173]"
18,49,"[ 462 1005 1007 1184  172   81    5 1109  659  215  466  136 1063  198
  384  738  632  301  106  777  413  470  731  458 1046]"
18,54,"[ 206  621  110  524  598  395  494  925  689  500 1119  642  849  878
   71  803  605 1006  108  595  757  432  919  984  591]"
18,55,"[ 889  208 1036  801  353  433   28  782  719  713  721  729 1122 1061
  704 1172 1019  839  848 1009  203  508  507  720  114]"
18,62,"[ 879  293  853 1014  153 1107  557  727  133    3  875 1013  467 1197
  186  464  566  210 1147  107 1016  126  814  658  608]"
18,69,"[  11 1032  255 1027 1125 1071  440  434  249    7  807 1070  977  443
  297  250 1031  435 1082  252 1179 1069 1085  326 1000]"
18,72,"[ 532 1035  317  776  512  956  447  322  743  340   37  115  469  663
  665  710  530 1060  703 1072  959 1100  459  662  349]"
18,73,"[ 943  944  867  227  866   65  640  691  802  484 1124  836  942  123
 1175  645  759  331 1088  751   42  692  499 1140 1133]"
18,78,"[ 525 1119  526   68  591 1045  757  432  595  689  111  494  774  551
   40  569  642  998  752 1006  108  925  587  360  206]"
18,83,"[1042 1087  455  368  529  693 1189  191  520  362  979  749   30   79
  862  999  748  619  193  986  387 1054  527  182  145]"
18,86,"[ 939  220  948  880   17  536   83   18  855  861   23  991  113  728
  701 1138  412  343  783  173  639  344    2  277  487]"
18,88,"[ 873  410  741 1101  906  990  825  415  824  603  506  876  737  758
  481  504  709  523  631  904  285  905  258  189  828]"
18,89,"[ 292  519  321  310  567  264  577  573  117  299  572  586 1165  588
    9  570  273  517  560  648  647  907  934  155  291]"
19,2,"[ 700  230  989  449  130   97  589  121   98  965  966 1050  339  987
  877  431  967 1055  347 1043  498  922  120  167 1160]"
19,3,"[1004  533  123 1110  116   65  787  484  708 1133  867   42  645  822
  227  460  678  134  943 1132  942 1170  622 1140 1088]"
19,7,"[ 487  644  129  542  197 1093   20 1138  445  880  154 1139   83 1029
 1023  536   78  861  412  639  581  734  277   17  389]"
19,11,"[ 420  954  175   15  172   84  903  695  466  411  448    5 1109   81
 1046  218  106  829 1007  413  659  738  632  136  850]"
19,12,"[ 606  786  429  376 1052  834  950 1097  860  673  380  365  236 1020
  913   92  607  238  279  584  585  372  953 1065  483]"
19,14,"[ 739  657  402 1199  670  194  974  969  971 1187  146  970 1073  661
  887  666  266 1074  265  973  856  683 1003 1198  927]"
19,15,"[ 334  564  314  988 1148 1099  156 1181  363  350  835 1152  408 1162
 1163 1153  646 1159  267 1150  307  852 1182 1154 1098]"
19,19,"[ 713  137  729  782 1137 1026 1172  433  353  450 1036  941  718  805
  208 1062  114  508  704 1061  699  889 1121  947  780]"
19,23,"[1157  601  741  631  295  828  397  990  506  758  189  603 1118  410
  770  504  415 1178  823  824  669  874  761  709  481]"
19,30,"[ 524 1119  984  360   40  525  621  774   68  393  111  432  110  551
  587  752   71  526  642  804 1086   24   25  206  108]"
19,34,"[ 805  722  357 1036  729  780  839  717 1172  941  846  450  353  719
  699  718 1092 1137  713  720  947  801  704  446  208]"
19,41,"[ 280 1176  772 1180  418  427 1194  841  806  963   22  247 1196  284
  254 1129  798 1193  993  955 1173 1164  643 1174  609]"
19,68,"[735 468 105 771 924 477  94 920 132 104 537 843 222 144 978 912 422 298
 325 489 857 131 100 627  91]"
19,69,"[ 807 1070  255 1000  250  252   11 1179  582  109 1125  892  435 1084
  297    7  977  438  249 1032  434 1027  444  355 1071]"
19,71,"[1003 1187 1199  671  973 1106  930  670  661  971  488  216  683  657
  739 1198 1073  266  972  403  753  402  146  808   19]"
19,75,"[ 227  942  751  678 1140  499 1004  640  484  802  943  809  787 1088
  178  996  692  691  836  533  851  759 1067 1044  723]"
19,77,"[  94  924  735   43  222  104  489  105  742  920  712  747  364  733
   39  296  732  627 1033  325  771  298  978  477  195]"
19,84,"[1112   37  660  530  459  959 1060  532  710 1072  251  665  623  185
   62  743  776  827  740  663  309  317  957  702  304]"
19,87,"[ 642  525  359  878   24   25 1086  360   87  598  849  757  204  591
  500  288  494  587  108  206  111  925   40  526  919]"
19,91,"[ 966   26  628  130  449  965  677 1043  431 1037 1160 1039  339 1010
  230  347 1002  796 1055  495 1038  498  281  589  121]"
20,0,"[ 819 1064  191 1189  306  368 1186  290   56   30  451  399  169  748
   29  257   75  180 1188  387  102 1042 1087  999  362]"
20,3,"[1004  533  708  678  123   65  787  942  460  645 1170 1132  802  227
  622 1088 1140  484 1110  822  116 1133  944 1103  723]"
20,16,"[  57  190  815  933 1156   59 1104 1195  615  152  142  223  308  697
  612   14  141   90  502 1049  164  200  539  199  337]"
20,20,"[ 248 1032 1070  435  297  696 1127  253 1081  980  441  977  249 1125
  892 1069 1079 1078 1027  326  205  252  443  118  792]"
20,25,"[1024  232  534  890  147  884  881  901  149  221  894  883  157   12
  897 1057 1034  480  162  896  946  128  474  725 1059]"
20,39,"[503 417  70 283 863 790 617  64  77  63 791 763  32 610 785 550 811 795
  85 346  53 311 686 618  99]"
20,42,"[ 748  527  520  636  306  693   30  102  169  847  451  289  456  257
  182  362 1189   79  145   56 1064  368  999 1042 1048]"
20,47,"[ 796  700  966 1039  965  150   97  225 1126  989   35 1055  120 1037
  431    0   98 1043  339  672  224  498 1056  628 1002]"
20,49,"[ 301 1007  632 1005   81  175  198  900  413  411  384  779   84  421
  553 1063  158 1184    4    5  470  458  192  466  659]"
20,59,"[ 159 1152  363  835 1162 1169  556 1163  350 1150  278  408  262 1146
  334 1099  156  675 1151  837  852 1181  259   33 1182]"
20,65,"[ 197  113   18  445    2 1117  581 1138   78  644  213   83  855 1029
  701  487 1139 1111  389  991  412  639  542  939  624]"
20,67,"[1102  367  369  454  937  246  909  160 1041  135  784  769  465   80
  163  768  981  261  765  707  329  319  342  724  574]"
20,75,"[1132  836  723  645 1124 1175  134  736  123  917 1088   42  460  787
 1004  533  822  499  943  484  867  809 1103  227  178]"
20,80,"[ 422  105  468  679  857  268  144  733  100  732  364 1191  489  712
  920   95  735   39  300  843  978  161   91 1108  627]"
20,83,"[  30  387  749  145 1087  169  862  289  527  594  693   29  102  306
  529   75 1186  257  451  193  986  748  191 1188  979]"
20,86,"[1117  173  263  728  213  343  734  939  445  174 1023 1111  536   78
  277  783  991  948  581  952  220  197  219   17  113]"
20,89,"[273 934 519 155 517 310 321 573 868 576 571 648   9 907 684 586 649 577
 516 588 291 647 303 117 568]"
20,92,"[ 630 1173  509 1176  643 1196  179  247   76 1171  762   89  994  841
 1194  929 1096  798 1091  409  772  963  254  818  764]"
20,98,"[ 515  425  503   13  283  428  763   70  549  668   64 1161 1114  390
  618  864  385  785  863  417   41  617  926   85   63]"
20,99,"[910 882 540 276 492   1 949 229 177 558 667 302 561 165 541 233 555  47
 638 245 125 562 575 214 406]"
21,2,"[ 700  230  989  449   97  130  922  431  966  965  589  347  967  121
 1126  987  628  877 1160 1050 1043  167 1055   98  225]"
21,4,"[ 981  937  767  261 1144  345  724  711 1018  454  160  766 1135  476
  135  342 1058   61  319  370  170  765  870  381  707]"
21,13,"[ 686  311  617  794  793 1114   41   77   63   64   49  863   48  811
  726   85  791  668   32  503   13   16  346  763  611]"
21,21,"[771 351 843  94 100 131 364 391 195 270 857 744 735 732 325 477 222 489
 104 183 144 679 305 468 912]"
21,23,"[1157  415  603  397  601 1021  505  410  990  737  824  506  514  761
  496   55  437  416  828 1101  741  189  905  523 1178]"
21,27,"[ 743 1035  957 1112  447  665  469  512  304  340 1072  115  710  349
  662  660  185   88  530  322   37  959  602 1100  956]"
21,28,"[ 724  369  453  833  135  960  465  345  820  981 1018  769  870  261
  381  545  330   61  832  454  163  707  329  766  237]"
21,39,"[1134  515   99  793  417  791   85   63  668  863  611   41  346  425
  617   32  794  318  428 1161  618  926  726   16  763]"
21,46,"[ 599  635 1116  272  626 1131 1008  685  430   93  844 1025  810 1011
   36 1030  961   73  461  908  634   31  997  600  234]"
21,54,"[ 803  878  393   40  359 1006  642  360  621  598  984  919  752   71
  494  757  526  804  569 1045    8  388  587  206  108]"
21,56,"[ 955 1113  764 1164  509  938  284  609  643 1171 1192  491 1180  762
  940  993  818   76  418 1174  929  179  798   89  143]"
21,57,"[ 243 1165  292  117  303  869  577  333  354  934  868  273  583  648
  576    9  517  310  921  264  647  684  664  335  568]"
21,58,"[ 403  671 1199 1003  753  974  324 1198  194 1040  657  661  666  969
  216  887  683  739  854  931  407  402  316 1190 1001]"
21,60,"[ 531  871  459   54  703  740  663  660  827  447 1155   69 1100  956
  702  532  959  710  623  251  665  185  322  469   51]"
21,62,"[ 293  336  275  879  467  690  419  414  756  511  186  608  813  210
  578  853  209  124 1107  789  217  814  153  592  746]"
21,64,"[1121  433 1062  717 1066  718 1122  699  713  446  203  720  208  114
  941  704 1137  716  201  137 1089  889  729 1061  805]"
21,66,"[1038 1010  352 1160  922   98    0 1039 1050  431 1037  877 1055  495
  700  121   35  965  677  281  339  332  225   97  328]"
21,69,"[ 980  441  696 1032 1084  118  109  440  976  249 1080 1027  355  434
  792 1082  438 1031  297   11 1125 1127 1069  444  977]"
21,81,"[  69   88  322  663  512 1112  463  743  964   51  185   54   96  340
  710  349 1035  740 1072  469  665  532  528  115  957]"
21,87,"[ 925   25   71  878  110  204  605  526  395  108  524  393  494  919
  525  621  288  432 1086 1045 1119  206  598  591   40]"
22,12,"[ 429  834 1097  365  673  382  786  379  287  376 1052  235  953  372
  913  607  826  950 1141  860  641  371  380  674  606]"
22,13,"[763  16 550  48  64 793 811 428 864 417 318  99 549 618 686  85 668  13
  77 653 785 283 425 790  53]"
22,19,"[ 713  704  208  721 1036  699  839  114 1061  941  947  780  782 1089
 1026  846 1019 1009  137  433   28  446  112 1172  720]"
22,34,"[1036  729  446  888  805  717  353  357  947 1019  654  782  508  203
  507  720  716  722  718 1089  201 1172 1137  137  450]"
22,36,"[ 481 1178  497  865  437  505  258  825  416  523  603  496  514  990
 1101  823  761  436  601   27   55  398  906  506  669]"
22,41,"[ 491  609 1171  284  916 1164  247  254  143 1129 1196 1176  772  798
 1193 1174  630  993  963  929  818  994 1173  427  418]"
22,47,"[1055 1056  150  966  700 1145  121  130   35  677  449  989  352  796
  224  167   98  400   97 1037  922  967 1126  788 1002]"
22,50,"[ 965  877 1145  352 1050  332  628    0   26  230  225 1037  224 1056
  347  498 1043  328  672 1010  339  130 1038  788 1002]"
22,53,"[1145  967    0  672   98  339 1056  224  281  225  167  628  788   35
 1010  120  987 1050 1037  352 1038 1055  431  589  495]"
22,57,"[ 565  684  649  577  745  869  583  568  907  571  868  567  560  155
  648  650 1022  652  333  335  354    9  303  586  934]"
22,58,"[ 103  969  970  403  670  657  666   19  971  974 1001  216  265 1106
  962  402  928  931  972 1040 1074  316  975  739  808]"
22,63,"[ 886  817  884  899  162 1120  891  128  482  896 1057  778  211  725
  901  147  479  812  168  181  881 1034  681  580  898]"
22,71,"[ 683  439 1199  962  146  854  657  488  887  407  265  546  316 1198
 1187  928  974  324  930   19  971 1001  859 1106 1040]"
22,79,"[ 133  746  557  875  814  592  658  813 1147 1197  217 1014  336  879
  464  756  596  885 1115  566  210  124  457  414  107]"
22,81,"[  54  703  662  251  185  463  530   69   51  956  459   62  317 1100
  871 1112  964  528  349  512   37  710  602 1072 1035]"
22,82,"[ 836  942  331  866  736 1123  751 1124  533  622  822  943 1103 1067
  867  178  134  691 1044 1132  123  640   65  996  802]"
22,83,"[1186 1188  193  945  145  387  368 1054  847  819 1015  520  529  257
  749  180  182  527   79  456  212  290  693  636  451]"
22,84,"[1112  776  463  827   54   62  871  322  660  964  743 1100   88  349
  662  530  528  602  703  702  115  251  740  317   37]"
22,93,"[ 678  460   42  134  331  851  751  640 1110  942   65  533  759 1103
  123 1088  227  943  723  484  944  736  809 1044  822]"
22,94,"[  25  395  998  774  360  621  526  757  500  108  359   71  604  595
  919  206 1086  204  525  605  393  804 1119 1045  752]"
23,2,"[ 700  230  989  449  130  589  965  987  121  347   97  967  877 1043
  966  922  431  339 1056   98 1050  167  498 1055  628]"
23,6,"[ 186  419  209 1147  133  217  467  153  176  727 1115  210  853  592
 1107  107  563  457  124  714  315  126  746  789  275]"
23,10,"[ 959   54 1112  309  871   62  528  740  662 1035 1155 1100  340  602
  469  663  703  623  512 1072  115  776   51  702   69]"
23,17,"[ 254  452  963   76  418  630 1196  806  247 1166 1180  143 1091  772
  509 1193  929  993 1171 1164  762 1173   22  491   89]"
23,21,"[ 351   94  843  132  744  920  742  627  771  912  104  391 1033  268
  712  298  100  489  105  422  325  195   91  978  735]"
23,23,"[ 398  825  741  770  415 1101 1021  437  601  737 1157  876   27  758
  905  865  506  410  874  397  631  497  514  914  761]"
23,32,"[ 187  327   21  705  522  502 1195  122   90 1105  552   58  423   10
   14  152  308  614 1104 1156  985  337  698  223  141]"
23,37,"[1096 1194 1174  963 1193  280  992  284  806  491  940 1166  535 1129
 1176  409  254  609  143  764   76  916  929 1173  938]"
23,47,"[ 224 1039   35  339  225  989 1055  877  431  498  347  130  966   26
  495    0 1002  796  700  332  281  449  120 1037  677]"
23,49,"[  15  470  995  448 1109  738  411 1184  458  166  420  632 1005  106
  900 1063   45  954   81  466  731  553 1046  192  215]"
23,52,"[1191  132  477   95   94  747  364  733  222  100  183  857  679  468
  732  270  144  730  924  912  104  920  325 1108   43]"
23,59,"[ 835  262 1182 1162  408  242 1099 1183 1163 1169 1181  259 1098 1152
 1153  307  646  363  159  556 1146  837  564  267 1151]"
23,60,"[ 340  349 1072  871 1060   62  957  743  740   96  309  602  703  665
   54   37 1035  447  660  528  304 1112  463  251 1100]"
23,67,"[1135  370  454  769  832  766  170  453  707  767  983  246  574  369
  820  329  960  711  139  870  342   80  160   61  909]"
23,70,"[ 141  184  337   74  615  612  401  697  142  486  140 1049  698  423
  815  152  597   57  122 1156  164   21  539  202  327]"
23,71,"[1199  854  194  671 1106 1187  931  546  661  488  683  146 1074  974
  103  970  670 1073 1001 1190  972  739  975  927  266]"
23,84,"[1112  776  662  349  740  665 1035  463   88  469  531  827  317  710
  530  251  323  964  663  743  115  340  309   54  447]"
23,85,"[301 198 458 903 136 175   4 218 215 366  84 893 106 411   5 738 632 172
 420 659 166 731 470 900 466]"
23,94,"[ 919   24  803  288  524   68 1006  598  604  204  925  206  526   71
 1045   87  587  393  757  525  878  591  621  395  108]"
23,99,"[ 233  392  165  396  383  562    1  638  177  797  271  882  406  490
  125  510  424  633   34  558  949 1185  260  361  667]"
24,7,"[ 129 1093 1139  644  581  861  213  880   83   17  487  197  389  154
   20  220 1029  113   78  734 1023 1138  173 1117  536]"
24,10,"[ 322  663  703   69  662  964 1035  957  469  710 1100 1060   54   88
   62  340  463  740  956  323  459  447  532  309   37]"
24,12,"[ 786  606  376  365  950  860  379  382  953  607  279  235  641  375
  371  584  429  378  287  673  241  372  236   92 1097]"
24,16,"[ 223  190   90  312  933  697 1049  308 1156  164  152   57 1104  613
  552  615  401   46  486  184  142  423   74  202  140]"
24,27,"[1035  662  740   88  323   54  827  349 1112  959  340  871  665  702
  964  660  309  447  663  512  623   37  530   69  317]"
24,41,"[1193  994  284  280  818  409 1174  418  643  247  841 1091  929  938
  798  772  452   22 1164   76 1166  491 1096  427  940]"
24,43,"[ 518   72 1068  637  358  313  394  755  968   67  386  951  781  936
 1012  840 1028   60  816 1128  902 1053  373  845  548]"
24,44,"[ 929  994  798 1171 1176  535 1173 1166  179 1180  280 1193   22   89
  993 1196  409  509  643 1096  764 1091  992  609  254]"
24,48,"[ 244  271  543  510  127  383 1185  638  547  541  561  492  799  540
  233  830  406  667  872  633  882  396  245  165  949]"
24,49,"[ 301  411  448  384  470  172  632    4   15   45  413 1063  215  553
 1109  420  175  893  192  462  458 1046  903  166  695]"
24,54,"[803 360 395  40 108 998 752 591 206  87   8 604  24 525 500 804 984 551
  68  71  25 757 569 393 878]"
24,67,"[ 833   61  369  207 1058  909  769  768  246  454 1102 1144  784  319
  766 1018  367  135  765  981 1041  476  345 1135  870]"
24,74,"[ 936  845  593  651  548  341  338  968  313  923 1128   60  404  760
 1068 1053  816  781   67 1012  755   72  754  688  637]"
24,77,"[ 351  627 1108  735  300  298  183  730  270  489  733  391  305  679
  364   94  747  195  843  104  131  744  978  222  771]"
24,80,"[ 978  422  730  132  364  183  843  771  270  537  161  300  298 1033
  733  105  268  735  144  131  391  857  305  100   94]"
24,82,"[ 484  822 1110  708   42   65  867 1133 1175 1004 1170  645 1103  996
  691  917  866  460 1132  331 1088  622  809  851  836]"
24,88,"[ 601  496 1118  295  905  189 1021  873  823  874 1157  865  828 1178
  741  914  416  770  506  436  504  505  990  523  497]"
24,94,"[ 774  388 1045    8  804  595  752   87  621  110  919  849   25  984
   24  757   71  689  524 1006  525  393 1086  494  604]"
24,96,"[ 717  446  888  947  433 1122 1062  203 1092  353  716 1009  941  721
   28 1066  450  114  720 1026 1121  846  718  848  357]"
24,99,"[ 910  214  245  540  579   47  127  667  383  260  177  233  949    1
  559  406  872  562  490  625  271  638  575  558 1185]"
25,2,"[ 700  230  589  130  449   97  431  965  347  987  989 1043  967  121
 1055  120  966  922   98  225 1056  877  400  498  628]"
25,3,"[ 533 1004  123   65  678  759 1133  942 1132  822  460  134  484  944
 1110  622  116  723  227 1103 1170  787  943  331  499]"
25,20,"[ 297 1127  892  977  253  248  980 1032  326  434  109    7  250 1076
 1027 1000  355  249 1079  118  435  976 1125  582 1179]"
25,25,"[ 897  886  128  883  479  534 1130  580  232  147  221 1034  157   12
  480  681  884  149 1024  475  148  901  482  895 1017]"
25,27,"[ 956  463  663  185 1035   62   96  964  469  309  323 1100 1112  623
  710  528  512  530  703 1060   69  702   37  662   54]"
25,29,"[ 846 1019  353  450   28 1061  848  208  699  112 1026  717  780 1062
  941  114 1089 1092  713  782  888  704  805  507  508]"
25,38,"[ 272  234 1047 1136  426  682  554  231 1025  635  544   31  348 1131
   73   93  430 1116  961   36  501 1030  997  935  599]"
25,40,"[ 341  816  518  590  313  338 1128 1068  936  845  754  377  274  593
  800  902  688 1075  923   60  781  932  637  840 1053]"
25,43,"[ 816  294  404  968  840  590  845  750  902 1128   67  781  386  338
  358 1068  755  274 1012  138  936  341  377   72  754]"
25,47,"[ 796  700    0  495  788  966  498 1010  589  281  339 1145 1160 1038
  400  628  224 1055  877  328   98  347  150 1056 1043]"
25,49,"[ 458  301 1007  995  366   81  695  172  462  738  777 1005  136  215
  553   84   15  413 1109  158 1063  632  466  850  779]"
25,52,"[1191  270 1108  161  183  131  747  679  920  296  744  771  912  735
  100  730  857   95  364 1033  300  144  843  468  489]"
25,55,"[ 780  721  507  839 1019  848 1066 1122  353 1009  805 1172  508  208
  137  846 1062  357  782  201  719  446  114  716  450]"
25,61,"[  28  718 1036 1121  353  450  805 1122  721  719  846  713  114  716
 1137  720  446  729  782  889  717 1061  848 1062  203]"
25,74,"[ 341  816  936  386  968  590  687  518   66  138 1012  840  548 1068
  706  845  358  294 1028  800  274  637  688  923  750]"
25,79,"[ 563  596  336  756 1197  419  176 1016  578  186  608  133  658  875
  511 1014  457  414 1013  566  126  813  467  885  464]"
25,88,"[ 825  709  295   27  824 1157  876  905 1118 1178  397  761  874  415
  258  523  505 1021  416  504  758  906  497  873  282]"
25,89,"[ 570  519  586  273  568  567  573  356  117  571  934  560  868  745
  517  292  521 1165  647 1022  583  335  243  291  155]"
25,90,"[ 469  447   96  665  957  623   51   54 1155  710 1035  304  349  309
  185  317  459  530  663  703  115  323  528 1100   88]"
25,96,"[1137  699 1062 1026  780  357  721  446  782  718  450  353  722 1061
  947  433  888  801  729  508  839  654  720 1121  716]"
26,2,"[ 700  230  989  449  130  987   98  965  347  922  431  967  121  966
 1043 1056  589   97  498  328  877  400    0  167   26]"
26,3,"[ 533 1004 1110  123   42 1140  116 1170   65  460  802  787  622 1133
  851  484  645  759  866  751  867 1132  678 1103  822]"
26,8,"[ 685  471   36  908  600  430  272  554  151   38  810  821 1011  634
  676  680  538  485   93  426  997  773  348  775  234]"
26,16,"[ 423  933 1156  312  308  615 1104   57  613   46  184  223  815   14
  327   74   59  985  698  697  152  164 1049  612  502]"
26,25,"[1130  162  884  681  897 1059  474  883 1034  147  473  894 1017   12
  725  891  149  221 1024  895 1120   82  534  128  480]"
26,32,"[  57   90  502  401  187  312  597 1104  698  152  423 1105   74  815
   46  200  202  614  122  184  164   58  140   21  705]"
26,36,"[ 904  603  497  505 1101  601  770  905  397  737   55  258  825  873
  436  285 1157  874  481  914  741  865  189  876  990]"
26,37,"[1096 1192 1113  535  955  280  409 1196 1193   76  427  818  940  452
 1176 1091 1129  609  798  643  630  418  179 1166 1174]"
26,41,"[ 280 1176  929  938  247  841  806   76 1113 1180  643 1171  491  940
  764  916  143 1096  762  284 1164  427 1129  609 1192]"
26,43,"[ 590  687  706  101  781  518  902  840  637  358   67  951  338  688
  932  838  138  341  373 1128   66  845  548  294 1053]"
26,46,"[1131  600 1030  554  810  231   38 1168  538 1136 1116  918  680 1025
  961  599  908  234  935   93 1011  485  626   31  256]"
26,47,"[ 225  150 1160  796   26   98  339  966  281 1145 1043   35  495  922
  628  400  120  431  230 1039  965 1038  347 1055  677]"
26,48,"[ 361  638  559    1  579 1185  949  260  633  799  127  547  872  424
  510  561  244  271  406  276  562  667  214  229  911]"
26,59,"[  50  408  267   33 1169  262 1153  837  374 1159  646  835  314  988
 1149  842 1163  307  156 1099 1143 1146 1183  556  958]"
26,61,"[1062 1036 1089  508  699  888  713 1061  353 1009  721  729  780  722
  114 1121  716  450  848  654  947  446  889  846   28]"
26,64,"[1009  718  729  720   28  201  848 1026 1066  888  801  507  805  941
  947 1089  722  433 1061 1172 1092  716  839 1137  353]"
26,65,"[  20  542  173 1117  624  263  952  939 1139  213  880  639  734 1111
    2   23  783  174  728  536  344   83 1093  701  581]"
26,73,"[ 942 1110  678 1140  944  736  692  484 1088 1103  751 1170  943  645
  723  759  836  178 1123 1132  787 1133  809  691 1124]"
26,84,"[  54 1072   62   51 1035  309   69  957  743 1112  702  623  349  532
  703  304  323   37  322  660   88  871  964  531  530]"
26,98,"[503 385 791  13 811  99 863 346 610  53  85 793 668 283 858  48 864 790
 515 618  63  77 795 785 653]"
27,5,"[ 605  524  393  595  494 1119  984   87  360  432  803  689  108  111
   68  604   25  621  774  919  757  500  395  925   24]"
27,6,"[ 209  563  186  557  592  419  210  727  457  275  714  124  107  217
  315 1107  853  875  133  746 1147  467  196 1013  511]"
27,10,"[ 964  512  871  662  663  317 1155  740  532  349   69  702  463  304
   62  743  623 1112  602 1060  956   37   54  959  703]"
27,16,"[ 933  199   74   90  401  697  141  597 1049  223  308  337  613  815
   59   14  486  202  615 1156  539  985   21  423   46]"
27,18,"[ 221  894  881  475  901 1059  817  897  157  181 1034  884  480   12
  474  890  473  482   82  891  899  171  896  895  620]"
27,19,"[ 137 1026  208  780 1122  112 1019 1061  699  654  713  947  508  941
  839  433  889 1009  721  729  782  203  114  507  446]"
27,20,"[ 253 1125  980 1078  248 1071  255  892 1179  441  442    7 1000  807
 1080  355  297  444 1079  792  582 1127  443 1077 1085]"
27,21,"[1033  771  161  742  843  924  391  222  100  351   91   94  978  489
  857  712  920  131  733  300  912  468  735  298  105]"
27,27,"[ 703  459  663  623  957  469  531   96  309  710  340   37  463  349
 1072 1035  665 1155  602  740  304  871   51  776  323]"
27,32,"[ 202  140  401  493  522  164   14   58  539  312 1156  613 1104 1049
  615  190  200  308  597  152   21  184  187  612  142]"
27,35,"[ 928  146 1190  661  974  854  970 1003  975  666  266  971   19  546
 1198 1187  439  927 1073  407 1001  753  194 1106  972]"
27,44,"[  76  916  609  179  452 1113  762  247 1164  963  772 1091 1129 1194
  764  409  994  992 1193  806  535  418  630  940  993]"
27,48,"[ 541  575  361  797  830  260  392  872  125  559    1  271  127  667
  510  406  911  638  633   47  214 1185  547  555  233]"
27,61,"[ 718  699 1089  729  357 1137 1066  716 1036  889 1092  203 1062   28
  704  848  353  507  941  782  112 1009  713  114  208]"
27,77,"[1108  730  742   91 1033  300  298  733  161  364  771  144  627  747
   95  744  183 1191  857  920  296  305  391  422  105]"
27,82,"[ 123 1103  640  787  759  942  822  809  178  836  851  802 1133  943
  996  331 1067  691 1124  227  692  678  484  116  867]"
27,83,"[ 169  594 1188  529  945  290  619 1186  455   79  915  520  748  387
  819 1054  289 1048  182  368  306  399  636 1189  257]"
27,91,"[ 672  167  224  877  788   98  628  495 1043  989  121  987 1160  967
  449  352  281  966 1010   35 1002  796  328  230  150]"
27,97,"[ 282  824  397  709 1157  415 1178  523  295 1118  737  876  904  436
  437  603  398  905  828  410  906  514  601  914  631]"
27,98,"[ 549  550   48   77   32  610   63   64   49  686 1161  653   99  417
  503  864  425  794  428  390  763  926 1114  726  385]"
28,1,"[292 648 650 588 907 333 656 583 516 647 565 513 303 310 576 664 649 568
   9 291 652 335 869 519 354]"
28,24,"[ 464  879    3  789  210 1016  813  176  217  467  293  756  124 1107
  885  557  592  596  336  608  746  814 1197  126 1167]"
28,27,"[ 740  710  304  469  662  602   88  663   69  776  251   51  459   54
   37  309 1155  959  317  340  463  623  665  532  957]"
28,30,"[ 526  388  621  642    8  569   24   71  288  605  393  591  494  849
   25  752 1119  110  524  108  111  595  757  774  919]"
28,31,"[ 783  701  213  536  991  343 1138  263    2 1093  948  644  344  861
   78  277  173 1139  581 1111   23  639  197  389  219]"
28,33,"[ 358  816  840  754  637  706  902  341 1012 1090  373  688  760  386
 1028 1128 1068  294  932  923  274   60   72  338  651]"
28,40,"[1128  840  590   60  518  313  651 1012  274  706  687  341  923  294
 1028 1075  781   72  936  755  694  404  377  101  338]"
28,43,"[ 760  358  968  101  548  845  687  294  274   72  651 1053  816  902
  688  840  932  404  754  781  838  386  706 1028  138]"
28,44,"[ 409  841   76 1164  992 1129  806  643  535 1166 1174  929  609  764
 1171 1091  940  143  994  179 1176  491 1192  818  955]"
28,50,"[1050  339  987  677 1055 1056  121  352  589 1039  796  989 1043  700
  965  400  967  281   98  922    0  788  130  966  230]"
28,57,"[   9  571  333  513  868 1165  291 1022  568  576  652  573  745  292
  572  583  565  647  560  321  310  586  264  519  656]"
28,58,"[ 753  661  403 1074 1040  488  670  194  103  854   19 1187  971 1073
  739 1198  666 1199  974  973 1106  930  856  931 1001]"
28,61,"[1061 1122 1121  782 1026 1137 1089  947 1019  839  722  848  203  508
  114  719  713  137  699  112 1009  805  888  801 1066]"
28,68,"[131  39 183 161 733  95 537 771 978 351 100 144 268 742 104 920 857 364
 477 489 270 732 744  94 305]"
28,69,"[ 582 1125  249   11  435  248 1127  252  250  892 1078 1081  255  355
  976 1071  443 1079  297  440 1080 1179  441 1069 1027]"
28,70,"[ 613  184   10 1049   21  522  614  190  141  612   14  187  401  698
  140  539   74  327   90  815  142  152  502 1104  308]"
28,80,"[ 222  325  183   43  735  305  468 1191  298  161  730  712  100 1033
  627  296   39  732 1108  104  489  742  422  391  920]"
28,85,"[ 411  903   15  106  954   45  995  466  166  553  448  175  777 1007
    5  900  731  413  893  850  172 1046  218  470  779]"
28,91,"[ 877  788  230  328  281  495   26  989  120  150   98 1039  347   97
  922 1145  700  589 1160  449 1055  225 1037  672  167]"
28,94,"[ 919  605   24   68  500  849  757  689  525  108  206  288  569   40
   71  803  598  110  360  204  359  432 1045  925  526]"
29,1,"[ 292  588  650  333  648  583  647  656  303  310  513  664  516  565
  907  576  649  291 1165  652  921    9  869  299  335]"
29,9,"[ 694  687  373   72  386 1128   66 1028   60  902  338  313  138 1012
  840   67 1053  968  760  706  593  294 1090 1068  688]"
29,18,"[ 221  482  181  817  478  901 1057  881  899  681  884 1034  620  211
  168  480  157  946  475  898  886  162  896  171  534]"
29,20,"[1070 1127  980  249 1071 1078 1125 1032 1069 1076 1000  441  250  255
  807 1179  326   11  118  434  253  892  792  442 1085]"
29,21,"[ 195  771  161  744  422  742  100  627  477  351  912  364   43  300
  131  730  712  924 1108   94  679  843  268  468  296]"
29,24,"[1147 1014  756  789 1107  153  209  186  133  885 1197  658  879  727
  464    3  814  596  457  196 1013  210  126 1115  217]"
29,26,"[ 176  336  186  746  511  275  756  124  813 1197 1147  467  217 1016
  714  578  727  315  814 1013 1115  789  210 1107    3]"
29,45,"[ 139  370  342  135 1041  870  711  960  207  369  381  983  246  784
  170 1018  707  453  769  465   61 1144  329  724 1102]"
29,50,"[ 339  150  352  332  989   98   26 1056  400  167  347  328  922 1126
  877  965  498  281  700  495 1050 1002 1037  672  120]"
29,55,"[ 889  507 1089  941  846  720 1121  433  508  446 1122  721 1062  699
  839  717  729 1061  357  654  208  801  450 1036 1137]"
29,57,"[ 868  321  568  516  934  573  921  117  647  560  356  664  869  264
  521  273  648  572  354  571 1022  243  577  291    9]"
29,58,"[ 931  266   19 1073  974 1199  670  975  753  683  971  962 1106  194
  216  439  973  856  265 1187  671  402  887  930  103]"
29,61,"[ 839 1137 1009 1036  704  721  888  720  112  450  717 1019  782  713
  114  353  507  947  718  137  941 1172 1061  716 1092]"
29,65,"[ 344 1111  734  213  412 1139  861  277  389  536  263    2  113  701
  939 1117   18 1093  880  228  952 1138  991  487  129]"
29,67,"[ 330  769  139  983  329  909  454  833  163  345   61  207  476  319
  545  768  711  870  960 1135  370  342  981  237  465]"
29,73,"[ 736  944 1124 1004  708 1133 1123  533  866  645  723 1110 1175  787
  640 1140  116 1103  460  134  942  822   65  751  226]"
29,77,"[ 912  364  468  627  857  920  144  733  843  296  732 1108  183 1191
  771  391  100  712  422  195  325  742   95  300  132]"
29,79,"[ 690  885  853  275  209  756 1147  414  126    3  210 1107  467  596
  107  186  746  153 1167  592  789  419  813  563  727]"
29,82,"[ 533  836 1170 1103  708 1004 1124  460 1067   42 1110  943  227  484
  822 1123   65  178  751  678  116 1044  723  866  809]"
29,97,"[ 601  631  828  285  504  481  823  416  737  874  496  282 1157  905
  914  415  295  398  258  990  437   55 1021  410  825]"
